"U:0","U:1","U:2","Points:0","Points:1","Points:2"
0.00000000e+00,0.00000000e+00,0.00000000e+00,0.00000000e+00,5.00000000e-01,0.00000000e+00
2.49384138e-05,7.33312126e-03,0.00000000e+00,1.00000005e-03,5.00000000e-01,0.00000000e+00
4.98768277e-05,1.46662425e-02,0.00000000e+00,2.00000009e-03,5.00000000e-01,0.00000000e+00
7.48152379e-05,2.19993629e-02,0.00000000e+00,3.00000003e-03,5.00000000e-01,0.00000000e+00
9.97536554e-05,2.93324850e-02,0.00000000e+00,4.00000019e-03,5.00000000e-01,0.00000000e+00
1.32158413e-04,3.64393257e-02,0.00000000e+00,4.99999989e-03,5.00000000e-01,0.00000000e+00
1.76065150e-04,4.31975909e-02,0.00000000e+00,6.00000005e-03,5.00000000e-01,0.00000000e+00
2.19971887e-04,4.99558561e-02,0.00000000e+00,7.00000022e-03,5.00000000e-01,0.00000000e+00
2.63878610e-04,5.67141213e-02,0.00000000e+00,8.00000038e-03,5.00000000e-01,0.00000000e+00
3.07785318e-04,6.34723827e-02,0.00000000e+00,8.99999961e-03,5.00000000e-01,0.00000000e+00
3.60587408e-04,6.98834658e-02,0.00000000e+00,9.99999978e-03,5.00000000e-01,0.00000000e+00
4.18073585e-04,7.61117339e-02,0.00000000e+00,1.09999999e-02,5.00000000e-01,0.00000000e+00
4.75559791e-04,8.23400095e-02,0.00000000e+00,1.20000001e-02,5.00000000e-01,0.00000000e+00
5.33045968e-04,8.85682777e-02,0.00000000e+00,1.30000003e-02,5.00000000e-01,0.00000000e+00
5.90532145e-04,9.47965458e-02,0.00000000e+00,1.40000004e-02,5.00000000e-01,0.00000000e+00
6.45463646e-04,1.00605957e-01,0.00000000e+00,1.49999997e-02,5.00000000e-01,0.00000000e+00
6.99676923e-04,1.06297605e-01,0.00000000e+00,1.60000008e-02,5.00000000e-01,0.00000000e+00
7.53890083e-04,1.11989245e-01,0.00000000e+00,1.70000009e-02,5.00000000e-01,0.00000000e+00
8.08103243e-04,1.17680877e-01,0.00000000e+00,1.79999992e-02,5.00000000e-01,0.00000000e+00
8.62316403e-04,1.23372518e-01,0.00000000e+00,1.89999994e-02,5.00000000e-01,0.00000000e+00
9.03197681e-04,1.28651917e-01,0.00000000e+00,1.99999996e-02,5.00000000e-01,0.00000000e+00
9.40008787e-04,1.33805439e-01,0.00000000e+00,2.09999997e-02,5.00000000e-01,0.00000000e+00
9.76819778e-04,1.38958976e-01,0.00000000e+00,2.19999999e-02,5.00000000e-01,0.00000000e+00
1.01363088e-03,1.44112512e-01,0.00000000e+00,2.30000000e-02,5.00000000e-01,0.00000000e+00
1.05044188e-03,1.49266034e-01,0.00000000e+00,2.40000002e-02,5.00000000e-01,0.00000000e+00
1.06996449e-03,1.54096931e-01,0.00000000e+00,2.50000004e-02,5.00000000e-01,0.00000000e+00
1.07833114e-03,1.58719614e-01,0.00000000e+00,2.60000005e-02,5.00000000e-01,0.00000000e+00
1.08669780e-03,1.63342297e-01,0.00000000e+00,2.70000007e-02,5.00000000e-01,0.00000000e+00
1.09506445e-03,1.67964980e-01,0.00000000e+00,2.80000009e-02,5.00000000e-01,0.00000000e+00
1.10343099e-03,1.72587663e-01,0.00000000e+00,2.89999992e-02,5.00000000e-01,0.00000000e+00
1.10072363e-03,1.77055761e-01,0.00000000e+00,2.99999993e-02,5.00000000e-01,0.00000000e+00
1.07235648e-03,1.81165695e-01,0.00000000e+00,3.09999995e-02,5.00000000e-01,0.00000000e+00
1.04398944e-03,1.85275644e-01,0.00000000e+00,3.20000015e-02,5.00000000e-01,0.00000000e+00
1.01562240e-03,1.89385578e-01,0.00000000e+00,3.29999998e-02,5.00000000e-01,0.00000000e+00
9.87255247e-04,1.93495527e-01,0.00000000e+00,3.40000018e-02,5.00000000e-01,0.00000000e+00
9.58888268e-04,1.97605461e-01,0.00000000e+00,3.50000001e-02,5.00000000e-01,0.00000000e+00
8.95112695e-04,2.01307967e-01,0.00000000e+00,3.59999985e-02,5.00000000e-01,0.00000000e+00
8.24736024e-04,2.04934537e-01,0.00000000e+00,3.70000005e-02,5.00000000e-01,0.00000000e+00
7.54359527e-04,2.08561093e-01,0.00000000e+00,3.79999988e-02,5.00000000e-01,0.00000000e+00
6.83982857e-04,2.12187648e-01,0.00000000e+00,3.90000008e-02,5.00000000e-01,0.00000000e+00
6.13606418e-04,2.15814203e-01,0.00000000e+00,3.99999991e-02,5.00000000e-01,0.00000000e+00
5.33197832e-04,2.19339848e-01,0.00000000e+00,4.10000011e-02,5.00000000e-01,0.00000000e+00
4.18751180e-04,2.22523019e-01,0.00000000e+00,4.19999994e-02,5.00000000e-01,0.00000000e+00
3.04304151e-04,2.25706220e-01,0.00000000e+00,4.30000015e-02,5.00000000e-01,0.00000000e+00
1.89857543e-04,2.28889391e-01,0.00000000e+00,4.39999998e-02,5.00000000e-01,0.00000000e+00
7.54105058e-05,2.32072577e-01,0.00000000e+00,4.50000018e-02,5.00000000e-01,0.00000000e+00
-3.90361092e-05,2.35255763e-01,0.00000000e+00,4.60000001e-02,5.00000000e-01,0.00000000e+00
-1.72905624e-04,2.38260582e-01,0.00000000e+00,4.69999984e-02,5.00000000e-01,0.00000000e+00
-3.30394309e-04,2.41048515e-01,0.00000000e+00,4.80000004e-02,5.00000000e-01,0.00000000e+00
-4.87882411e-04,2.43836448e-01,0.00000000e+00,4.89999987e-02,5.00000000e-01,0.00000000e+00
-6.45371096e-04,2.46624395e-01,0.00000000e+00,5.00000007e-02,5.00000000e-01,0.00000000e+00
-8.02859198e-04,2.49412328e-01,0.00000000e+00,5.09999990e-02,5.00000000e-01,0.00000000e+00
-9.60347883e-04,2.52200276e-01,0.00000000e+00,5.20000011e-02,5.00000000e-01,0.00000000e+00
-1.13787246e-03,2.54813671e-01,0.00000000e+00,5.29999994e-02,5.00000000e-01,0.00000000e+00
-1.33471505e-03,2.57258803e-01,0.00000000e+00,5.40000014e-02,5.00000000e-01,0.00000000e+00
-1.53155695e-03,2.59703934e-01,0.00000000e+00,5.49999997e-02,5.00000000e-01,0.00000000e+00
-1.72839954e-03,2.62149066e-01,0.00000000e+00,5.60000017e-02,5.00000000e-01,0.00000000e+00
-1.92524143e-03,2.64594197e-01,0.00000000e+00,5.70000000e-02,5.00000000e-01,0.00000000e+00
-2.12208345e-03,2.67039329e-01,0.00000000e+00,5.79999983e-02,5.00000000e-01,0.00000000e+00
-2.33226828e-03,2.69369543e-01,0.00000000e+00,5.90000004e-02,5.00000000e-01,0.00000000e+00
-2.56276107e-03,2.71524757e-01,0.00000000e+00,5.99999987e-02,5.00000000e-01,0.00000000e+00
-2.79325480e-03,2.73680001e-01,0.00000000e+00,6.10000007e-02,5.00000000e-01,0.00000000e+00
-3.02374759e-03,2.75835246e-01,0.00000000e+00,6.19999990e-02,5.00000000e-01,0.00000000e+00
-3.25424131e-03,2.77990490e-01,0.00000000e+00,6.30000010e-02,5.00000000e-01,0.00000000e+00
-3.48473480e-03,2.80145735e-01,0.00000000e+00,6.40000030e-02,5.00000000e-01,0.00000000e+00
-3.71812074e-03,2.82274842e-01,0.00000000e+00,6.49999976e-02,5.00000000e-01,0.00000000e+00
-3.97530152e-03,2.84189373e-01,0.00000000e+00,6.59999996e-02,5.00000000e-01,0.00000000e+00
-4.23248252e-03,2.86103874e-01,0.00000000e+00,6.70000017e-02,5.00000000e-01,0.00000000e+00
-4.48966352e-03,2.88018405e-01,0.00000000e+00,6.80000037e-02,5.00000000e-01,0.00000000e+00
-4.74684266e-03,2.89932907e-01,0.00000000e+00,6.89999983e-02,5.00000000e-01,0.00000000e+00
-5.00402320e-03,2.91847408e-01,0.00000000e+00,7.00000003e-02,5.00000000e-01,0.00000000e+00
-5.26120421e-03,2.93761939e-01,0.00000000e+00,7.10000023e-02,5.00000000e-01,0.00000000e+00
-5.53068845e-03,2.95549154e-01,0.00000000e+00,7.19999969e-02,5.00000000e-01,0.00000000e+00
-5.80709707e-03,2.97264814e-01,0.00000000e+00,7.29999989e-02,5.00000000e-01,0.00000000e+00
-6.08350569e-03,2.98980445e-01,0.00000000e+00,7.40000010e-02,5.00000000e-01,0.00000000e+00
-6.35991478e-03,3.00696075e-01,0.00000000e+00,7.50000030e-02,5.00000000e-01,0.00000000e+00
-6.63632154e-03,3.02411705e-01,0.00000000e+00,7.59999976e-02,5.00000000e-01,0.00000000e+00
-6.91273017e-03,3.04127336e-01,0.00000000e+00,7.69999996e-02,5.00000000e-01,0.00000000e+00
-7.18913926e-03,3.05842996e-01,0.00000000e+00,7.80000016e-02,5.00000000e-01,0.00000000e+00
-7.47732539e-03,3.07394236e-01,0.00000000e+00,7.90000036e-02,5.00000000e-01,0.00000000e+00
-7.76567869e-03,3.08943123e-01,0.00000000e+00,7.99999982e-02,5.00000000e-01,0.00000000e+00
-8.05403385e-03,3.10492009e-01,0.00000000e+00,8.10000002e-02,5.00000000e-01,0.00000000e+00
-8.34238902e-03,3.12040895e-01,0.00000000e+00,8.20000023e-02,5.00000000e-01,0.00000000e+00
-8.63074232e-03,3.13589782e-01,0.00000000e+00,8.29999968e-02,5.00000000e-01,0.00000000e+00
-8.91909748e-03,3.15138668e-01,0.00000000e+00,8.39999989e-02,5.00000000e-01,0.00000000e+00
-9.20820702e-03,3.16667110e-01,0.00000000e+00,8.50000009e-02,5.00000000e-01,0.00000000e+00
-9.50191915e-03,3.18070710e-01,0.00000000e+00,8.60000029e-02,5.00000000e-01,0.00000000e+00
-9.79562849e-03,3.19474250e-01,0.00000000e+00,8.69999975e-02,5.00000000e-01,0.00000000e+00
-1.00893406e-02,3.20877850e-01,0.00000000e+00,8.79999995e-02,5.00000000e-01,0.00000000e+00
-1.03830518e-02,3.22281420e-01,0.00000000e+00,8.90000015e-02,5.00000000e-01,0.00000000e+00
-1.06767640e-02,3.23684990e-01,0.00000000e+00,9.00000036e-02,5.00000000e-01,0.00000000e+00
-1.09704733e-02,3.25088561e-01,0.00000000e+00,9.09999982e-02,5.00000000e-01,0.00000000e+00
-1.12641612e-02,3.26478809e-01,0.00000000e+00,9.20000002e-02,5.00000000e-01,0.00000000e+00
-1.15576321e-02,3.27747971e-01,0.00000000e+00,9.30000022e-02,5.00000000e-01,0.00000000e+00
-1.18511012e-02,3.29017133e-01,0.00000000e+00,9.39999968e-02,5.00000000e-01,0.00000000e+00
-1.21445730e-02,3.30286294e-01,0.00000000e+00,9.49999988e-02,5.00000000e-01,0.00000000e+00
-1.24380440e-02,3.31555486e-01,0.00000000e+00,9.60000008e-02,5.00000000e-01,0.00000000e+00
-1.27315149e-02,3.32824647e-01,0.00000000e+00,9.70000029e-02,5.00000000e-01,0.00000000e+00
-1.30249839e-02,3.34093809e-01,0.00000000e+00,9.79999974e-02,5.00000000e-01,0.00000000e+00
-1.33184558e-02,3.35362971e-01,0.00000000e+00,9.89999995e-02,5.00000000e-01,0.00000000e+00
-1.36078671e-02,3.36518705e-01,0.00000000e+00,1.00000001e-01,5.00000000e-01,0.00000000e+00
-1.38965948e-02,3.37655306e-01,0.00000000e+00,1.01000004e-01,5.00000000e-01,0.00000000e+00
-1.41853197e-02,3.38791877e-01,0.00000000e+00,1.01999998e-01,5.00000000e-01,0.00000000e+00
-1.44740473e-02,3.39928478e-01,0.00000000e+00,1.03000000e-01,5.00000000e-01,0.00000000e+00
-1.47627750e-02,3.41065079e-01,0.00000000e+00,1.04000002e-01,5.00000000e-01,0.00000000e+00
-1.50514999e-02,3.42201680e-01,0.00000000e+00,1.04999997e-01,5.00000000e-01,0.00000000e+00
-1.53402276e-02,3.43338281e-01,0.00000000e+00,1.05999999e-01,5.00000000e-01,0.00000000e+00
-1.56256370e-02,3.44419181e-01,0.00000000e+00,1.07000001e-01,5.00000000e-01,0.00000000e+00
-1.59061588e-02,3.45418096e-01,0.00000000e+00,1.08000003e-01,5.00000000e-01,0.00000000e+00
-1.61866788e-02,3.46416980e-01,0.00000000e+00,1.08999997e-01,5.00000000e-01,0.00000000e+00
-1.64672006e-02,3.47415864e-01,0.00000000e+00,1.09999999e-01,5.00000000e-01,0.00000000e+00
-1.67477224e-02,3.48414779e-01,0.00000000e+00,1.11000001e-01,5.00000000e-01,0.00000000e+00
-1.70282423e-02,3.49413663e-01,0.00000000e+00,1.12000003e-01,5.00000000e-01,0.00000000e+00
-1.73087623e-02,3.50412548e-01,0.00000000e+00,1.12999998e-01,5.00000000e-01,0.00000000e+00
-1.75892841e-02,3.51411462e-01,0.00000000e+00,1.14000000e-01,5.00000000e-01,0.00000000e+00
-1.78618189e-02,3.52301478e-01,0.00000000e+00,1.15000002e-01,5.00000000e-01,0.00000000e+00
-1.81315318e-02,3.53153080e-01,0.00000000e+00,1.15999997e-01,5.00000000e-01,0.00000000e+00
-1.84012484e-02,3.54004681e-01,0.00000000e+00,1.16999999e-01,5.00000000e-01,0.00000000e+00
-1.86709631e-02,3.54856282e-01,0.00000000e+00,1.18000001e-01,5.00000000e-01,0.00000000e+00
-1.89406779e-02,3.55707884e-01,0.00000000e+00,1.19000003e-01,5.00000000e-01,0.00000000e+00
-1.92103926e-02,3.56559455e-01,0.00000000e+00,1.19999997e-01,5.00000000e-01,0.00000000e+00
-1.94801074e-02,3.57411057e-01,0.00000000e+00,1.20999999e-01,5.00000000e-01,0.00000000e+00
-1.97498240e-02,3.58262658e-01,0.00000000e+00,1.22000001e-01,5.00000000e-01,0.00000000e+00
-2.00086832e-02,3.58978510e-01,0.00000000e+00,1.23000003e-01,5.00000000e-01,0.00000000e+00
-2.02656873e-02,3.59671146e-01,0.00000000e+00,1.23999998e-01,5.00000000e-01,0.00000000e+00
-2.05226913e-02,3.60363781e-01,0.00000000e+00,1.25000000e-01,5.00000000e-01,0.00000000e+00
-2.07796954e-02,3.61056417e-01,0.00000000e+00,1.26000002e-01,5.00000000e-01,0.00000000e+00
-2.10367013e-02,3.61749053e-01,0.00000000e+00,1.27000004e-01,5.00000000e-01,0.00000000e+00
-2.12937053e-02,3.62441689e-01,0.00000000e+00,1.28000006e-01,5.00000000e-01,0.00000000e+00
-2.15507075e-02,3.63134325e-01,0.00000000e+00,1.28999993e-01,5.00000000e-01,0.00000000e+00
-2.18077116e-02,3.63826960e-01,0.00000000e+00,1.29999995e-01,5.00000000e-01,0.00000000e+00
-2.20542438e-02,3.64392728e-01,0.00000000e+00,1.30999997e-01,5.00000000e-01,0.00000000e+00
-2.22971458e-02,3.64914536e-01,0.00000000e+00,1.31999999e-01,5.00000000e-01,0.00000000e+00
-2.25400478e-02,3.65436316e-01,0.00000000e+00,1.33000001e-01,5.00000000e-01,0.00000000e+00
-2.27829497e-02,3.65958124e-01,0.00000000e+00,1.34000003e-01,5.00000000e-01,0.00000000e+00
-2.30258536e-02,3.66479903e-01,0.00000000e+00,1.35000005e-01,5.00000000e-01,0.00000000e+00
-2.32687555e-02,3.67001712e-01,0.00000000e+00,1.36000007e-01,5.00000000e-01,0.00000000e+00
-2.35116538e-02,3.67523491e-01,0.00000000e+00,1.36999995e-01,5.00000000e-01,0.00000000e+00
-2.37545557e-02,3.68045300e-01,0.00000000e+00,1.37999997e-01,5.00000000e-01,0.00000000e+00
-2.39914395e-02,3.68495017e-01,0.00000000e+00,1.38999999e-01,5.00000000e-01,0.00000000e+00
-2.42192335e-02,3.68835866e-01,0.00000000e+00,1.40000001e-01,5.00000000e-01,0.00000000e+00
-2.44470276e-02,3.69176716e-01,0.00000000e+00,1.41000003e-01,5.00000000e-01,0.00000000e+00
-2.46748216e-02,3.69517565e-01,0.00000000e+00,1.42000005e-01,5.00000000e-01,0.00000000e+00
-2.49026157e-02,3.69858414e-01,0.00000000e+00,1.43000007e-01,5.00000000e-01,0.00000000e+00
-2.51304060e-02,3.70199263e-01,0.00000000e+00,1.43999994e-01,5.00000000e-01,0.00000000e+00
-2.53582001e-02,3.70540112e-01,0.00000000e+00,1.44999996e-01,5.00000000e-01,0.00000000e+00
-2.55859941e-02,3.70880961e-01,0.00000000e+00,1.45999998e-01,5.00000000e-01,0.00000000e+00
-2.58137882e-02,3.71221840e-01,0.00000000e+00,1.47000000e-01,5.00000000e-01,0.00000000e+00
-2.60287262e-02,3.71409416e-01,0.00000000e+00,1.48000002e-01,5.00000000e-01,0.00000000e+00
-2.62407418e-02,3.71562123e-01,0.00000000e+00,1.49000004e-01,5.00000000e-01,0.00000000e+00
-2.64527556e-02,3.71714860e-01,0.00000000e+00,1.50000006e-01,5.00000000e-01,0.00000000e+00
-2.66647656e-02,3.71867567e-01,0.00000000e+00,1.50999993e-01,5.00000000e-01,0.00000000e+00
-2.68767811e-02,3.72020274e-01,0.00000000e+00,1.51999995e-01,5.00000000e-01,0.00000000e+00
-2.70887949e-02,3.72173011e-01,0.00000000e+00,1.52999997e-01,5.00000000e-01,0.00000000e+00
-2.73008086e-02,3.72325718e-01,0.00000000e+00,1.53999999e-01,5.00000000e-01,0.00000000e+00
-2.75128223e-02,3.72478426e-01,0.00000000e+00,1.55000001e-01,5.00000000e-01,0.00000000e+00
-2.77248360e-02,3.72631162e-01,0.00000000e+00,1.56000003e-01,5.00000000e-01,0.00000000e+00
-2.79209428e-02,3.72595370e-01,0.00000000e+00,1.57000005e-01,5.00000000e-01,0.00000000e+00
-2.81168018e-02,3.72556627e-01,0.00000000e+00,1.58000007e-01,5.00000000e-01,0.00000000e+00
-2.83126570e-02,3.72517914e-01,0.00000000e+00,1.58999994e-01,5.00000000e-01,0.00000000e+00
-2.85085160e-02,3.72479200e-01,0.00000000e+00,1.59999996e-01,5.00000000e-01,0.00000000e+00
-2.87043750e-02,3.72440457e-01,0.00000000e+00,1.60999998e-01,5.00000000e-01,0.00000000e+00
-2.89002340e-02,3.72401744e-01,0.00000000e+00,1.62000000e-01,5.00000000e-01,0.00000000e+00
-2.90960930e-02,3.72363031e-01,0.00000000e+00,1.63000003e-01,5.00000000e-01,0.00000000e+00
-2.92919520e-02,3.72324288e-01,0.00000000e+00,1.64000005e-01,5.00000000e-01,0.00000000e+00
-2.94878092e-02,3.72285575e-01,0.00000000e+00,1.65000007e-01,5.00000000e-01,0.00000000e+00
-2.96690520e-02,3.72075379e-01,0.00000000e+00,1.65999994e-01,5.00000000e-01,0.00000000e+00
-2.98486967e-02,3.71846408e-01,0.00000000e+00,1.66999996e-01,5.00000000e-01,0.00000000e+00
-3.00283413e-02,3.71617436e-01,0.00000000e+00,1.67999998e-01,5.00000000e-01,0.00000000e+00
-3.02079860e-02,3.71388465e-01,0.00000000e+00,1.69000000e-01,5.00000000e-01,0.00000000e+00
-3.03876307e-02,3.71159494e-01,0.00000000e+00,1.70000002e-01,5.00000000e-01,0.00000000e+00
-3.05672754e-02,3.70930523e-01,0.00000000e+00,1.71000004e-01,5.00000000e-01,0.00000000e+00
-3.07469200e-02,3.70701551e-01,0.00000000e+00,1.72000006e-01,5.00000000e-01,0.00000000e+00
-3.09265628e-02,3.70472580e-01,0.00000000e+00,1.72999993e-01,5.00000000e-01,0.00000000e+00
-3.11062075e-02,3.70243609e-01,0.00000000e+00,1.73999995e-01,5.00000000e-01,0.00000000e+00
-3.12769786e-02,3.69911909e-01,0.00000000e+00,1.74999997e-01,5.00000000e-01,0.00000000e+00
-3.14407013e-02,3.69498670e-01,0.00000000e+00,1.75999999e-01,5.00000000e-01,0.00000000e+00
-3.16044241e-02,3.69085401e-01,0.00000000e+00,1.77000001e-01,5.00000000e-01,0.00000000e+00
-3.17681469e-02,3.68672162e-01,0.00000000e+00,1.78000003e-01,5.00000000e-01,0.00000000e+00
-3.19318697e-02,3.68258893e-01,0.00000000e+00,1.79000005e-01,5.00000000e-01,0.00000000e+00
-3.20955962e-02,3.67845625e-01,0.00000000e+00,1.80000007e-01,5.00000000e-01,0.00000000e+00
-3.22593153e-02,3.67432386e-01,0.00000000e+00,1.80999994e-01,5.00000000e-01,0.00000000e+00
-3.24230380e-02,3.67019147e-01,0.00000000e+00,1.81999996e-01,5.00000000e-01,0.00000000e+00
-3.25867608e-02,3.66605878e-01,0.00000000e+00,1.82999998e-01,5.00000000e-01,0.00000000e+00
-3.27504836e-02,3.66192609e-01,0.00000000e+00,1.84000000e-01,5.00000000e-01,0.00000000e+00
-3.28997709e-02,3.65615457e-01,0.00000000e+00,1.85000002e-01,5.00000000e-01,0.00000000e+00
-3.30482237e-02,3.65028828e-01,0.00000000e+00,1.86000004e-01,5.00000000e-01,0.00000000e+00
-3.31966728e-02,3.64442170e-01,0.00000000e+00,1.87000006e-01,5.00000000e-01,0.00000000e+00
-3.33451219e-02,3.63855541e-01,0.00000000e+00,1.87999994e-01,5.00000000e-01,0.00000000e+00
-3.34935747e-02,3.63268882e-01,0.00000000e+00,1.88999996e-01,5.00000000e-01,0.00000000e+00
-3.36420238e-02,3.62682253e-01,0.00000000e+00,1.89999998e-01,5.00000000e-01,0.00000000e+00
-3.37904766e-02,3.62095594e-01,0.00000000e+00,1.91000000e-01,5.00000000e-01,0.00000000e+00
-3.39389257e-02,3.61508965e-01,0.00000000e+00,1.92000002e-01,5.00000000e-01,0.00000000e+00
-3.40873785e-02,3.60922307e-01,0.00000000e+00,1.93000004e-01,5.00000000e-01,0.00000000e+00
-3.42350118e-02,3.60326618e-01,0.00000000e+00,1.94000006e-01,5.00000000e-01,0.00000000e+00
-3.43692079e-02,3.59582156e-01,0.00000000e+00,1.94999993e-01,5.00000000e-01,0.00000000e+00
-3.45034041e-02,3.58837694e-01,0.00000000e+00,1.95999995e-01,5.00000000e-01,0.00000000e+00
-3.46376002e-02,3.58093232e-01,0.00000000e+00,1.96999997e-01,5.00000000e-01,0.00000000e+00
-3.47717963e-02,3.57348770e-01,0.00000000e+00,1.97999999e-01,5.00000000e-01,0.00000000e+00
-3.49059887e-02,3.56604278e-01,0.00000000e+00,1.99000001e-01,5.00000000e-01,0.00000000e+00
-3.50401849e-02,3.55859816e-01,0.00000000e+00,2.00000003e-01,5.00000000e-01,0.00000000e+00
-3.51743810e-02,3.55115354e-01,0.00000000e+00,2.01000005e-01,5.00000000e-01,0.00000000e+00
-3.53085771e-02,3.54370892e-01,0.00000000e+00,2.02000007e-01,5.00000000e-01,0.00000000e+00
-3.54427733e-02,3.53626430e-01,0.00000000e+00,2.02999994e-01,5.00000000e-01,0.00000000e+00
-3.55769694e-02,3.52881968e-01,0.00000000e+00,2.03999996e-01,5.00000000e-01,0.00000000e+00
-3.56997401e-02,3.52015018e-01,0.00000000e+00,2.04999998e-01,5.00000000e-01,0.00000000e+00
-3.58210392e-02,3.51132274e-01,0.00000000e+00,2.06000000e-01,5.00000000e-01,0.00000000e+00
-3.59423347e-02,3.50249529e-01,0.00000000e+00,2.07000002e-01,5.00000000e-01,0.00000000e+00
-3.60636301e-02,3.49366784e-01,0.00000000e+00,2.08000004e-01,5.00000000e-01,0.00000000e+00
-3.61849293e-02,3.48484010e-01,0.00000000e+00,2.09000006e-01,5.00000000e-01,0.00000000e+00
-3.63062248e-02,3.47601295e-01,0.00000000e+00,2.09999993e-01,5.00000000e-01,0.00000000e+00
-3.64275202e-02,3.46718520e-01,0.00000000e+00,2.10999995e-01,5.00000000e-01,0.00000000e+00
-3.65488157e-02,3.45835775e-01,0.00000000e+00,2.11999997e-01,5.00000000e-01,0.00000000e+00
-3.66701148e-02,3.44953030e-01,0.00000000e+00,2.13000000e-01,5.00000000e-01,0.00000000e+00
-3.67914103e-02,3.44070256e-01,0.00000000e+00,2.14000002e-01,5.00000000e-01,0.00000000e+00
-3.69079523e-02,3.43138695e-01,0.00000000e+00,2.15000004e-01,5.00000000e-01,0.00000000e+00
-3.70179787e-02,3.42140257e-01,0.00000000e+00,2.16000006e-01,5.00000000e-01,0.00000000e+00
-3.71280015e-02,3.41141850e-01,0.00000000e+00,2.16999993e-01,5.00000000e-01,0.00000000e+00
-3.72380279e-02,3.40143412e-01,0.00000000e+00,2.17999995e-01,5.00000000e-01,0.00000000e+00
-3.73480543e-02,3.39144975e-01,0.00000000e+00,2.18999997e-01,5.00000000e-01,0.00000000e+00
-3.74580808e-02,3.38146538e-01,0.00000000e+00,2.19999999e-01,5.00000000e-01,0.00000000e+00
-3.75681035e-02,3.37148100e-01,0.00000000e+00,2.21000001e-01,5.00000000e-01,0.00000000e+00
-3.76781300e-02,3.36149663e-01,0.00000000e+00,2.22000003e-01,5.00000000e-01,0.00000000e+00
-3.77881564e-02,3.35151225e-01,0.00000000e+00,2.23000005e-01,5.00000000e-01,0.00000000e+00
-3.78981829e-02,3.34152788e-01,0.00000000e+00,2.24000007e-01,5.00000000e-01,0.00000000e+00
-3.80082056e-02,3.33154351e-01,0.00000000e+00,2.24999994e-01,5.00000000e-01,0.00000000e+00
-3.81120108e-02,3.32095921e-01,0.00000000e+00,2.25999996e-01,5.00000000e-01,0.00000000e+00
-3.82125862e-02,3.31006289e-01,0.00000000e+00,2.26999998e-01,5.00000000e-01,0.00000000e+00
-3.83131616e-02,3.29916686e-01,0.00000000e+00,2.28000000e-01,5.00000000e-01,0.00000000e+00
-3.84137332e-02,3.28827053e-01,0.00000000e+00,2.29000002e-01,5.00000000e-01,0.00000000e+00
-3.85143086e-02,3.27737451e-01,0.00000000e+00,2.30000004e-01,5.00000000e-01,0.00000000e+00
-3.86148840e-02,3.26647818e-01,0.00000000e+00,2.31000006e-01,5.00000000e-01,0.00000000e+00
-3.87154557e-02,3.25558215e-01,0.00000000e+00,2.31999993e-01,5.00000000e-01,0.00000000e+00
-3.88160311e-02,3.24468613e-01,0.00000000e+00,2.32999995e-01,5.00000000e-01,0.00000000e+00
-3.89166027e-02,3.23379010e-01,0.00000000e+00,2.33999997e-01,5.00000000e-01,0.00000000e+00
-3.90171781e-02,3.22289377e-01,0.00000000e+00,2.34999999e-01,5.00000000e-01,0.00000000e+00
-3.91177535e-02,3.21199775e-01,0.00000000e+00,2.36000001e-01,5.00000000e-01,0.00000000e+00
-3.92139032e-02,3.20071369e-01,0.00000000e+00,2.37000003e-01,5.00000000e-01,0.00000000e+00
-3.93069237e-02,3.18915486e-01,0.00000000e+00,2.38000005e-01,5.00000000e-01,0.00000000e+00
-3.93999442e-02,3.17759603e-01,0.00000000e+00,2.38999993e-01,5.00000000e-01,0.00000000e+00
-3.94929647e-02,3.16603750e-01,0.00000000e+00,2.39999995e-01,5.00000000e-01,0.00000000e+00
-3.95859890e-02,3.15447867e-01,0.00000000e+00,2.40999997e-01,5.00000000e-01,0.00000000e+00
-3.96790095e-02,3.14291984e-01,0.00000000e+00,2.41999999e-01,5.00000000e-01,0.00000000e+00
-3.97720300e-02,3.13136101e-01,0.00000000e+00,2.43000001e-01,5.00000000e-01,0.00000000e+00
-3.98650505e-02,3.11980218e-01,0.00000000e+00,2.44000003e-01,5.00000000e-01,0.00000000e+00
-3.99580710e-02,3.10824335e-01,0.00000000e+00,2.45000005e-01,5.00000000e-01,0.00000000e+00
-4.00510915e-02,3.09668452e-01,0.00000000e+00,2.46000007e-01,5.00000000e-01,0.00000000e+00
-4.01441120e-02,3.08512598e-01,0.00000000e+00,2.46999994e-01,5.00000000e-01,0.00000000e+00
-4.02360223e-02,3.07348430e-01,0.00000000e+00,2.47999996e-01,5.00000000e-01,0.00000000e+00
-4.03233506e-02,3.06150109e-01,0.00000000e+00,2.48999998e-01,5.00000000e-01,0.00000000e+00
-4.04106788e-02,3.04951757e-01,0.00000000e+00,2.50000000e-01,5.00000000e-01,0.00000000e+00
-4.04980071e-02,3.03753436e-01,0.00000000e+00,2.50999987e-01,5.00000000e-01,0.00000000e+00
-4.05853353e-02,3.02555084e-01,0.00000000e+00,2.52000004e-01,5.00000000e-01,0.00000000e+00
-4.06726599e-02,3.01356763e-01,0.00000000e+00,2.52999991e-01,5.00000000e-01,0.00000000e+00
-4.07599919e-02,3.00158411e-01,0.00000000e+00,2.54000008e-01,5.00000000e-01,0.00000000e+00
-4.08473164e-02,2.98960119e-01,0.00000000e+00,2.54999995e-01,5.00000000e-01,0.00000000e+00
-4.09346484e-02,2.97761738e-01,0.00000000e+00,2.56000012e-01,5.00000000e-01,0.00000000e+00
-4.10219729e-02,2.96563447e-01,0.00000000e+00,2.56999999e-01,5.00000000e-01,0.00000000e+00
-4.11093011e-02,2.95365125e-01,0.00000000e+00,2.57999986e-01,5.00000000e-01,0.00000000e+00
-4.11966294e-02,2.94166774e-01,0.00000000e+00,2.59000003e-01,5.00000000e-01,0.00000000e+00
-4.12820466e-02,2.92958349e-01,0.00000000e+00,2.59999990e-01,5.00000000e-01,0.00000000e+00
-4.13653851e-02,2.91738868e-01,0.00000000e+00,2.61000007e-01,5.00000000e-01,0.00000000e+00
-4.14487161e-02,2.90519387e-01,0.00000000e+00,2.61999995e-01,5.00000000e-01,0.00000000e+00
-4.15320545e-02,2.89299905e-01,0.00000000e+00,2.63000011e-01,5.00000000e-01,0.00000000e+00
-4.16153856e-02,2.88080454e-01,0.00000000e+00,2.63999999e-01,5.00000000e-01,0.00000000e+00
-4.16987203e-02,2.86860973e-01,0.00000000e+00,2.64999986e-01,5.00000000e-01,0.00000000e+00
-4.17820551e-02,2.85641491e-01,0.00000000e+00,2.66000003e-01,5.00000000e-01,0.00000000e+00
-4.18653898e-02,2.84422040e-01,0.00000000e+00,2.66999990e-01,5.00000000e-01,0.00000000e+00
-4.19487245e-02,2.83202529e-01,0.00000000e+00,2.68000007e-01,5.00000000e-01,0.00000000e+00
-4.20320593e-02,2.81983078e-01,0.00000000e+00,2.68999994e-01,5.00000000e-01,0.00000000e+00
-4.21153940e-02,2.80763596e-01,0.00000000e+00,2.70000011e-01,5.00000000e-01,0.00000000e+00
-4.21987288e-02,2.79544145e-01,0.00000000e+00,2.70999998e-01,5.00000000e-01,0.00000000e+00
-4.22809832e-02,2.78323203e-01,0.00000000e+00,2.72000015e-01,5.00000000e-01,0.00000000e+00
-4.23617736e-02,2.77100384e-01,0.00000000e+00,2.73000002e-01,5.00000000e-01,0.00000000e+00
-4.24425639e-02,2.75877565e-01,0.00000000e+00,2.73999989e-01,5.00000000e-01,0.00000000e+00
-4.25233543e-02,2.74654716e-01,0.00000000e+00,2.75000006e-01,5.00000000e-01,0.00000000e+00
-4.26041409e-02,2.73431897e-01,0.00000000e+00,2.75999993e-01,5.00000000e-01,0.00000000e+00
-4.26849313e-02,2.72209048e-01,0.00000000e+00,2.77000010e-01,5.00000000e-01,0.00000000e+00
-4.27657217e-02,2.70986229e-01,0.00000000e+00,2.77999997e-01,5.00000000e-01,0.00000000e+00
-4.28465120e-02,2.69763380e-01,0.00000000e+00,2.79000014e-01,5.00000000e-01,0.00000000e+00
-4.29273024e-02,2.68540561e-01,0.00000000e+00,2.80000001e-01,5.00000000e-01,0.00000000e+00
-4.30080891e-02,2.67317742e-01,0.00000000e+00,2.80999988e-01,5.00000000e-01,0.00000000e+00
-4.30888794e-02,2.66094863e-01,0.00000000e+00,2.82000005e-01,5.00000000e-01,0.00000000e+00
-4.31696698e-02,2.64872044e-01,0.00000000e+00,2.82999992e-01,5.00000000e-01,0.00000000e+00
-4.32504267e-02,2.63649434e-01,0.00000000e+00,2.84000009e-01,5.00000000e-01,0.00000000e+00
-4.33298089e-02,2.62436688e-01,0.00000000e+00,2.84999996e-01,5.00000000e-01,0.00000000e+00
-4.34091911e-02,2.61223882e-01,0.00000000e+00,2.86000013e-01,5.00000000e-01,0.00000000e+00
-4.34885733e-02,2.60011137e-01,0.00000000e+00,2.87000000e-01,5.00000000e-01,0.00000000e+00
-4.35679555e-02,2.58798361e-01,0.00000000e+00,2.87999988e-01,5.00000000e-01,0.00000000e+00
-4.36473414e-02,2.57585555e-01,0.00000000e+00,2.89000005e-01,5.00000000e-01,0.00000000e+00
-4.37267236e-02,2.56372809e-01,0.00000000e+00,2.89999992e-01,5.00000000e-01,0.00000000e+00
-4.38061059e-02,2.55160004e-01,0.00000000e+00,2.91000009e-01,5.00000000e-01,0.00000000e+00
-4.38854881e-02,2.53947258e-01,0.00000000e+00,2.91999996e-01,5.00000000e-01,0.00000000e+00
-4.39648740e-02,2.52734452e-01,0.00000000e+00,2.93000013e-01,5.00000000e-01,0.00000000e+00
-4.40442562e-02,2.51521677e-01,0.00000000e+00,2.94000000e-01,5.00000000e-01,0.00000000e+00
-4.41236384e-02,2.50308931e-01,0.00000000e+00,2.94999987e-01,5.00000000e-01,0.00000000e+00
-4.42030206e-02,2.49096125e-01,0.00000000e+00,2.96000004e-01,5.00000000e-01,0.00000000e+00
-4.42822427e-02,2.47888476e-01,0.00000000e+00,2.96999991e-01,5.00000000e-01,0.00000000e+00
-4.43610363e-02,2.46694610e-01,0.00000000e+00,2.98000008e-01,5.00000000e-01,0.00000000e+00
-4.44398262e-02,2.45500788e-01,0.00000000e+00,2.98999995e-01,5.00000000e-01,0.00000000e+00
-4.45186198e-02,2.44306922e-01,0.00000000e+00,3.00000012e-01,5.00000000e-01,0.00000000e+00
-4.45974097e-02,2.43113101e-01,0.00000000e+00,3.00999999e-01,5.00000000e-01,0.00000000e+00
-4.46762033e-02,2.41919279e-01,0.00000000e+00,3.01999986e-01,5.00000000e-01,0.00000000e+00
-4.47549932e-02,2.40725413e-01,0.00000000e+00,3.03000003e-01,5.00000000e-01,0.00000000e+00
-4.48337868e-02,2.39531592e-01,0.00000000e+00,3.03999990e-01,5.00000000e-01,0.00000000e+00
-4.49125804e-02,2.38337725e-01,0.00000000e+00,3.05000007e-01,5.00000000e-01,0.00000000e+00
-4.49913703e-02,2.37143904e-01,0.00000000e+00,3.05999994e-01,5.00000000e-01,0.00000000e+00
-4.50701639e-02,2.35950038e-01,0.00000000e+00,3.07000011e-01,5.00000000e-01,0.00000000e+00
-4.51489538e-02,2.34756216e-01,0.00000000e+00,3.07999998e-01,5.00000000e-01,0.00000000e+00
-4.52277437e-02,2.33562395e-01,0.00000000e+00,3.08999985e-01,5.00000000e-01,0.00000000e+00
-4.53065261e-02,2.32372016e-01,0.00000000e+00,3.10000002e-01,5.00000000e-01,0.00000000e+00
-4.53852490e-02,2.31201708e-01,0.00000000e+00,3.10999990e-01,5.00000000e-01,0.00000000e+00
-4.54639755e-02,2.30031371e-01,0.00000000e+00,3.12000006e-01,5.00000000e-01,0.00000000e+00
-4.55426984e-02,2.28861064e-01,0.00000000e+00,3.12999994e-01,5.00000000e-01,0.00000000e+00
-4.56214249e-02,2.27690727e-01,0.00000000e+00,3.14000010e-01,5.00000000e-01,0.00000000e+00
-4.57001477e-02,2.26520419e-01,0.00000000e+00,3.14999998e-01,5.00000000e-01,0.00000000e+00
-4.57788706e-02,2.25350082e-01,0.00000000e+00,3.16000015e-01,5.00000000e-01,0.00000000e+00
-4.58575934e-02,2.24179775e-01,0.00000000e+00,3.17000002e-01,5.00000000e-01,0.00000000e+00
-4.59363200e-02,2.23009467e-01,0.00000000e+00,3.17999989e-01,5.00000000e-01,0.00000000e+00
-4.60150428e-02,2.21839130e-01,0.00000000e+00,3.19000006e-01,5.00000000e-01,0.00000000e+00
-4.60937656e-02,2.20668823e-01,0.00000000e+00,3.19999993e-01,5.00000000e-01,0.00000000e+00
-4.61724922e-02,2.19498485e-01,0.00000000e+00,3.21000010e-01,5.00000000e-01,0.00000000e+00
-4.62512150e-02,2.18328178e-01,0.00000000e+00,3.21999997e-01,5.00000000e-01,0.00000000e+00
-4.63299416e-02,2.17157841e-01,0.00000000e+00,3.23000014e-01,5.00000000e-01,0.00000000e+00
-4.64087985e-02,2.16003463e-01,0.00000000e+00,3.24000001e-01,5.00000000e-01,0.00000000e+00
-4.64877337e-02,2.14857668e-01,0.00000000e+00,3.24999988e-01,5.00000000e-01,0.00000000e+00
-4.65666652e-02,2.13711843e-01,0.00000000e+00,3.26000005e-01,5.00000000e-01,0.00000000e+00
-4.66456003e-02,2.12566048e-01,0.00000000e+00,3.26999992e-01,5.00000000e-01,0.00000000e+00
-4.67245318e-02,2.11420208e-01,0.00000000e+00,3.28000009e-01,5.00000000e-01,0.00000000e+00
-4.68034670e-02,2.10274413e-01,0.00000000e+00,3.28999996e-01,5.00000000e-01,0.00000000e+00
-4.68823984e-02,2.09128588e-01,0.00000000e+00,3.30000013e-01,5.00000000e-01,0.00000000e+00
-4.69613336e-02,2.07982779e-01,0.00000000e+00,3.31000000e-01,5.00000000e-01,0.00000000e+00
-4.70402651e-02,2.06836984e-01,0.00000000e+00,3.31999987e-01,5.00000000e-01,0.00000000e+00
-4.71192002e-02,2.05691159e-01,0.00000000e+00,3.33000004e-01,5.00000000e-01,0.00000000e+00
-4.71981317e-02,2.04545364e-01,0.00000000e+00,3.33999991e-01,5.00000000e-01,0.00000000e+00
-4.72770669e-02,2.03399524e-01,0.00000000e+00,3.35000008e-01,5.00000000e-01,0.00000000e+00
-4.73559983e-02,2.02253729e-01,0.00000000e+00,3.35999995e-01,5.00000000e-01,0.00000000e+00
-4.74349335e-02,2.01107904e-01,0.00000000e+00,3.37000012e-01,5.00000000e-01,0.00000000e+00
-4.75141220e-02,1.99979573e-01,0.00000000e+00,3.38000000e-01,5.00000000e-01,0.00000000e+00
-4.75933887e-02,1.98856622e-01,0.00000000e+00,3.38999987e-01,5.00000000e-01,0.00000000e+00
-4.76726554e-02,1.97733641e-01,0.00000000e+00,3.40000004e-01,5.00000000e-01,0.00000000e+00
-4.77519222e-02,1.96610689e-01,0.00000000e+00,3.40999991e-01,5.00000000e-01,0.00000000e+00
-4.78311926e-02,1.95487693e-01,0.00000000e+00,3.42000008e-01,5.00000000e-01,0.00000000e+00
-4.79104593e-02,1.94364741e-01,0.00000000e+00,3.42999995e-01,5.00000000e-01,0.00000000e+00
-4.79897298e-02,1.93241760e-01,0.00000000e+00,3.44000012e-01,5.00000000e-01,0.00000000e+00
-4.80689965e-02,1.92118794e-01,0.00000000e+00,3.44999999e-01,5.00000000e-01,0.00000000e+00
-4.81482632e-02,1.90995842e-01,0.00000000e+00,3.45999986e-01,5.00000000e-01,0.00000000e+00
-4.82275300e-02,1.89872861e-01,0.00000000e+00,3.47000003e-01,5.00000000e-01,0.00000000e+00
-4.83067967e-02,1.88749909e-01,0.00000000e+00,3.47999990e-01,5.00000000e-01,0.00000000e+00
-4.83860672e-02,1.87626913e-01,0.00000000e+00,3.49000007e-01,5.00000000e-01,0.00000000e+00
-4.84653339e-02,1.86503962e-01,0.00000000e+00,3.49999994e-01,5.00000000e-01,0.00000000e+00
-4.85446043e-02,1.85380980e-01,0.00000000e+00,3.51000011e-01,5.00000000e-01,0.00000000e+00
-4.86240648e-02,1.84267372e-01,0.00000000e+00,3.51999998e-01,5.00000000e-01,0.00000000e+00
-4.87037338e-02,1.83163851e-01,0.00000000e+00,3.52999985e-01,5.00000000e-01,0.00000000e+00
-4.87834066e-02,1.82060301e-01,0.00000000e+00,3.54000002e-01,5.00000000e-01,0.00000000e+00
-4.88630794e-02,1.80956781e-01,0.00000000e+00,3.54999989e-01,5.00000000e-01,0.00000000e+00
-4.89427522e-02,1.79853231e-01,0.00000000e+00,3.56000006e-01,5.00000000e-01,0.00000000e+00
-4.90224212e-02,1.78749710e-01,0.00000000e+00,3.56999993e-01,5.00000000e-01,0.00000000e+00
-4.91020940e-02,1.77646160e-01,0.00000000e+00,3.58000010e-01,5.00000000e-01,0.00000000e+00
-4.91817668e-02,1.76542640e-01,0.00000000e+00,3.58999997e-01,5.00000000e-01,0.00000000e+00
-4.92614396e-02,1.75439090e-01,0.00000000e+00,3.60000014e-01,5.00000000e-01,0.00000000e+00
-4.93411086e-02,1.74335569e-01,0.00000000e+00,3.61000001e-01,5.00000000e-01,0.00000000e+00
-4.94207777e-02,1.73232049e-01,0.00000000e+00,3.61999989e-01,5.00000000e-01,0.00000000e+00
-4.95004505e-02,1.72128499e-01,0.00000000e+00,3.63000005e-01,5.00000000e-01,0.00000000e+00
-4.95801233e-02,1.71024978e-01,0.00000000e+00,3.63999993e-01,5.00000000e-01,0.00000000e+00
-4.96597961e-02,1.69921428e-01,0.00000000e+00,3.65000010e-01,5.00000000e-01,0.00000000e+00
-4.97394651e-02,1.68817908e-01,0.00000000e+00,3.65999997e-01,5.00000000e-01,0.00000000e+00
-4.98195253e-02,1.67726398e-01,0.00000000e+00,3.67000014e-01,5.00000000e-01,0.00000000e+00
-4.98996861e-02,1.66638151e-01,0.00000000e+00,3.68000001e-01,5.00000000e-01,0.00000000e+00
-4.99798432e-02,1.65549919e-01,0.00000000e+00,3.68999988e-01,5.00000000e-01,0.00000000e+00
-5.00600077e-02,1.64461657e-01,0.00000000e+00,3.70000005e-01,5.00000000e-01,0.00000000e+00
-5.01401685e-02,1.63373411e-01,0.00000000e+00,3.70999992e-01,5.00000000e-01,0.00000000e+00
-5.02203293e-02,1.62285149e-01,0.00000000e+00,3.72000009e-01,5.00000000e-01,0.00000000e+00
-5.03004901e-02,1.61196902e-01,0.00000000e+00,3.72999996e-01,5.00000000e-01,0.00000000e+00
-5.03806546e-02,1.60108641e-01,0.00000000e+00,3.74000013e-01,5.00000000e-01,0.00000000e+00
-5.04608154e-02,1.59020394e-01,0.00000000e+00,3.75000000e-01,5.00000000e-01,0.00000000e+00
-5.05409762e-02,1.57932162e-01,0.00000000e+00,3.75999987e-01,5.00000000e-01,0.00000000e+00
-5.06211370e-02,1.56843901e-01,0.00000000e+00,3.77000004e-01,5.00000000e-01,0.00000000e+00
-5.07012978e-02,1.55755654e-01,0.00000000e+00,3.77999991e-01,5.00000000e-01,0.00000000e+00
-5.07814623e-02,1.54667392e-01,0.00000000e+00,3.79000008e-01,5.00000000e-01,0.00000000e+00
-5.08616231e-02,1.53579146e-01,0.00000000e+00,3.79999995e-01,5.00000000e-01,0.00000000e+00
-5.09417839e-02,1.52490884e-01,0.00000000e+00,3.81000012e-01,5.00000000e-01,0.00000000e+00
-5.10223955e-02,1.51410162e-01,0.00000000e+00,3.81999999e-01,5.00000000e-01,0.00000000e+00
-5.11032268e-02,1.50333107e-01,0.00000000e+00,3.82999986e-01,5.00000000e-01,0.00000000e+00
-5.11840619e-02,1.49256021e-01,0.00000000e+00,3.84000003e-01,5.00000000e-01,0.00000000e+00
-5.12648933e-02,1.48178950e-01,0.00000000e+00,3.84999990e-01,5.00000000e-01,0.00000000e+00
-5.13457283e-02,1.47101864e-01,0.00000000e+00,3.86000007e-01,5.00000000e-01,0.00000000e+00
-5.14265597e-02,1.46024808e-01,0.00000000e+00,3.86999995e-01,5.00000000e-01,0.00000000e+00
-5.15073910e-02,1.44947723e-01,0.00000000e+00,3.88000011e-01,5.00000000e-01,0.00000000e+00
-5.15882224e-02,1.43870652e-01,0.00000000e+00,3.88999999e-01,5.00000000e-01,0.00000000e+00
-5.16690537e-02,1.42793596e-01,0.00000000e+00,3.89999986e-01,5.00000000e-01,0.00000000e+00
-5.17498888e-02,1.41716510e-01,0.00000000e+00,3.91000003e-01,5.00000000e-01,0.00000000e+00
-5.18307202e-02,1.40639454e-01,0.00000000e+00,3.91999990e-01,5.00000000e-01,0.00000000e+00
-5.19115552e-02,1.39562353e-01,0.00000000e+00,3.93000007e-01,5.00000000e-01,0.00000000e+00
-5.19923866e-02,1.38485298e-01,0.00000000e+00,3.93999994e-01,5.00000000e-01,0.00000000e+00
-5.20732217e-02,1.37408212e-01,0.00000000e+00,3.95000011e-01,5.00000000e-01,0.00000000e+00
-5.21540530e-02,1.36331141e-01,0.00000000e+00,3.95999998e-01,5.00000000e-01,0.00000000e+00
-5.22350073e-02,1.35254994e-01,0.00000000e+00,3.97000015e-01,5.00000000e-01,0.00000000e+00
-5.23168221e-02,1.34185448e-01,0.00000000e+00,3.98000002e-01,5.00000000e-01,0.00000000e+00
-5.23986332e-02,1.33115917e-01,0.00000000e+00,3.98999989e-01,5.00000000e-01,0.00000000e+00
-5.24804518e-02,1.32046342e-01,0.00000000e+00,4.00000006e-01,5.00000000e-01,0.00000000e+00
-5.25622629e-02,1.30976811e-01,0.00000000e+00,4.00999993e-01,5.00000000e-01,0.00000000e+00
-5.26440777e-02,1.29907236e-01,0.00000000e+00,4.02000010e-01,5.00000000e-01,0.00000000e+00
-5.27258925e-02,1.28837705e-01,0.00000000e+00,4.02999997e-01,5.00000000e-01,0.00000000e+00
-5.28077073e-02,1.27768129e-01,0.00000000e+00,4.04000014e-01,5.00000000e-01,0.00000000e+00
-5.28895222e-02,1.26698598e-01,0.00000000e+00,4.05000001e-01,5.00000000e-01,0.00000000e+00
-5.29713333e-02,1.25629053e-01,0.00000000e+00,4.05999988e-01,5.00000000e-01,0.00000000e+00
-5.30531518e-02,1.24559492e-01,0.00000000e+00,4.07000005e-01,5.00000000e-01,0.00000000e+00
-5.31349629e-02,1.23489954e-01,0.00000000e+00,4.07999992e-01,5.00000000e-01,0.00000000e+00
-5.32167815e-02,1.22420385e-01,0.00000000e+00,4.09000009e-01,5.00000000e-01,0.00000000e+00
-5.32985926e-02,1.21350847e-01,0.00000000e+00,4.09999996e-01,5.00000000e-01,0.00000000e+00
-5.33804074e-02,1.20281279e-01,0.00000000e+00,4.11000013e-01,5.00000000e-01,0.00000000e+00
-5.34622222e-02,1.19211741e-01,0.00000000e+00,4.12000000e-01,5.00000000e-01,0.00000000e+00
-5.35442196e-02,1.18142806e-01,0.00000000e+00,4.12999988e-01,5.00000000e-01,0.00000000e+00
-5.36274724e-02,1.17077895e-01,0.00000000e+00,4.14000005e-01,5.00000000e-01,0.00000000e+00
-5.37107177e-02,1.16013020e-01,0.00000000e+00,4.14999992e-01,5.00000000e-01,0.00000000e+00
-5.37939705e-02,1.14948116e-01,0.00000000e+00,4.16000009e-01,5.00000000e-01,0.00000000e+00
-5.38772158e-02,1.13883242e-01,0.00000000e+00,4.16999996e-01,5.00000000e-01,0.00000000e+00
-5.39604649e-02,1.12818331e-01,0.00000000e+00,4.18000013e-01,5.00000000e-01,0.00000000e+00
-5.40437140e-02,1.11753456e-01,0.00000000e+00,4.19000000e-01,5.00000000e-01,0.00000000e+00
-5.41269630e-02,1.10688582e-01,0.00000000e+00,4.19999987e-01,5.00000000e-01,0.00000000e+00
-5.42102121e-02,1.09623671e-01,0.00000000e+00,4.21000004e-01,5.00000000e-01,0.00000000e+00
-5.42934574e-02,1.08558796e-01,0.00000000e+00,4.21999991e-01,5.00000000e-01,0.00000000e+00
-5.43767102e-02,1.07493892e-01,0.00000000e+00,4.23000008e-01,5.00000000e-01,0.00000000e+00
-5.44599555e-02,1.06429011e-01,0.00000000e+00,4.23999995e-01,5.00000000e-01,0.00000000e+00
-5.45432083e-02,1.05364107e-01,0.00000000e+00,4.25000012e-01,5.00000000e-01,0.00000000e+00
-5.46264537e-02,1.04299232e-01,0.00000000e+00,4.25999999e-01,5.00000000e-01,0.00000000e+00
-5.47097027e-02,1.03234358e-01,0.00000000e+00,4.26999986e-01,5.00000000e-01,0.00000000e+00
-5.47929518e-02,1.02169447e-01,0.00000000e+00,4.28000003e-01,5.00000000e-01,0.00000000e+00
-5.48762009e-02,1.01104572e-01,0.00000000e+00,4.28999990e-01,5.00000000e-01,0.00000000e+00
-5.49608208e-02,1.00041389e-01,0.00000000e+00,4.30000007e-01,5.00000000e-01,0.00000000e+00
-5.50461002e-02,9.89790708e-02,0.00000000e+00,4.30999994e-01,5.00000000e-01,0.00000000e+00
-5.51313795e-02,9.79167148e-02,0.00000000e+00,4.32000011e-01,5.00000000e-01,0.00000000e+00
-5.52166589e-02,9.68543962e-02,0.00000000e+00,4.32999998e-01,5.00000000e-01,0.00000000e+00
-5.53019345e-02,9.57920775e-02,0.00000000e+00,4.33999985e-01,5.00000000e-01,0.00000000e+00
-5.53872176e-02,9.47297215e-02,0.00000000e+00,4.35000002e-01,5.00000000e-01,0.00000000e+00
-5.54724932e-02,9.36674029e-02,0.00000000e+00,4.35999990e-01,5.00000000e-01,0.00000000e+00
-5.55577762e-02,9.26050469e-02,0.00000000e+00,4.37000006e-01,5.00000000e-01,0.00000000e+00
-5.56430519e-02,9.15427282e-02,0.00000000e+00,4.37999994e-01,5.00000000e-01,0.00000000e+00
-5.57283349e-02,9.04803723e-02,0.00000000e+00,4.39000010e-01,5.00000000e-01,0.00000000e+00
-5.58136106e-02,8.94180536e-02,0.00000000e+00,4.39999998e-01,5.00000000e-01,0.00000000e+00
-5.58988936e-02,8.83557051e-02,0.00000000e+00,4.41000015e-01,5.00000000e-01,0.00000000e+00
-5.59841692e-02,8.72933790e-02,0.00000000e+00,4.42000002e-01,5.00000000e-01,0.00000000e+00
-5.60694486e-02,8.62310603e-02,0.00000000e+00,4.42999989e-01,5.00000000e-01,0.00000000e+00
-5.61547279e-02,8.51687044e-02,0.00000000e+00,4.44000006e-01,5.00000000e-01,0.00000000e+00
-5.62400073e-02,8.41063857e-02,0.00000000e+00,4.44999993e-01,5.00000000e-01,0.00000000e+00
-5.63252866e-02,8.30440372e-02,0.00000000e+00,4.46000010e-01,5.00000000e-01,0.00000000e+00
-5.64126112e-02,8.19824785e-02,0.00000000e+00,4.46999997e-01,5.00000000e-01,0.00000000e+00
-5.65006211e-02,8.09211358e-02,0.00000000e+00,4.48000014e-01,5.00000000e-01,0.00000000e+00
-5.65886274e-02,7.98598304e-02,0.00000000e+00,4.49000001e-01,5.00000000e-01,0.00000000e+00
-5.66766374e-02,7.87985325e-02,0.00000000e+00,4.49999988e-01,5.00000000e-01,0.00000000e+00
-5.67646474e-02,7.77371898e-02,0.00000000e+00,4.51000005e-01,5.00000000e-01,0.00000000e+00
-5.68526536e-02,7.66758844e-02,0.00000000e+00,4.51999992e-01,5.00000000e-01,0.00000000e+00
-5.69406673e-02,7.56145492e-02,0.00000000e+00,4.53000009e-01,5.00000000e-01,0.00000000e+00
-5.70286736e-02,7.45532438e-02,0.00000000e+00,4.53999996e-01,5.00000000e-01,0.00000000e+00
-5.71166836e-02,7.34919086e-02,0.00000000e+00,4.55000013e-01,5.00000000e-01,0.00000000e+00
-5.72046936e-02,7.24306032e-02,0.00000000e+00,4.56000000e-01,5.00000000e-01,0.00000000e+00
-5.72926998e-02,7.13692978e-02,0.00000000e+00,4.56999987e-01,5.00000000e-01,0.00000000e+00
-5.73807098e-02,7.03079626e-02,0.00000000e+00,4.58000004e-01,5.00000000e-01,0.00000000e+00
-5.74687198e-02,6.92466572e-02,0.00000000e+00,4.58999991e-01,5.00000000e-01,0.00000000e+00
-5.75567298e-02,6.81853220e-02,0.00000000e+00,4.60000008e-01,5.00000000e-01,0.00000000e+00
-5.76447360e-02,6.71240166e-02,0.00000000e+00,4.60999995e-01,5.00000000e-01,0.00000000e+00
-5.77327460e-02,6.60626814e-02,0.00000000e+00,4.62000012e-01,5.00000000e-01,0.00000000e+00
-5.78207560e-02,6.50013760e-02,0.00000000e+00,4.63000000e-01,5.00000000e-01,0.00000000e+00
-5.79099394e-02,6.39400333e-02,0.00000000e+00,4.63999987e-01,5.00000000e-01,0.00000000e+00
-5.80014363e-02,6.28785864e-02,0.00000000e+00,4.65000004e-01,5.00000000e-01,0.00000000e+00
-5.80929294e-02,6.18171729e-02,0.00000000e+00,4.65999991e-01,5.00000000e-01,0.00000000e+00
-5.81844263e-02,6.07557260e-02,0.00000000e+00,4.67000008e-01,5.00000000e-01,0.00000000e+00
-5.82759194e-02,5.96943125e-02,0.00000000e+00,4.67999995e-01,5.00000000e-01,0.00000000e+00
-5.83674163e-02,5.86328655e-02,0.00000000e+00,4.69000012e-01,5.00000000e-01,0.00000000e+00
-5.84589131e-02,5.75714521e-02,0.00000000e+00,4.69999999e-01,5.00000000e-01,0.00000000e+00
-5.85504062e-02,5.65100387e-02,0.00000000e+00,4.70999986e-01,5.00000000e-01,0.00000000e+00
-5.86419031e-02,5.54485917e-02,0.00000000e+00,4.72000003e-01,5.00000000e-01,0.00000000e+00
-5.87333962e-02,5.43871745e-02,0.00000000e+00,4.72999990e-01,5.00000000e-01,0.00000000e+00
-5.88248931e-02,5.33257313e-02,0.00000000e+00,4.74000007e-01,5.00000000e-01,0.00000000e+00
-5.89163899e-02,5.22643141e-02,0.00000000e+00,4.74999994e-01,5.00000000e-01,0.00000000e+00
-5.90078868e-02,5.12028672e-02,0.00000000e+00,4.76000011e-01,5.00000000e-01,0.00000000e+00
-5.90993799e-02,5.01414537e-02,0.00000000e+00,4.76999998e-01,5.00000000e-01,0.00000000e+00
-5.91908731e-02,4.90800403e-02,0.00000000e+00,4.77999985e-01,5.00000000e-01,0.00000000e+00
-5.92823699e-02,4.80185933e-02,0.00000000e+00,4.79000002e-01,5.00000000e-01,0.00000000e+00
-5.93738668e-02,4.69571799e-02,0.00000000e+00,4.79999989e-01,5.00000000e-01,0.00000000e+00
-5.94653636e-02,4.58957329e-02,0.00000000e+00,4.81000006e-01,5.00000000e-01,0.00000000e+00
-5.95583804e-02,4.48370948e-02,0.00000000e+00,4.81999993e-01,5.00000000e-01,0.00000000e+00
-5.96534610e-02,4.37821709e-02,0.00000000e+00,4.83000010e-01,5.00000000e-01,0.00000000e+00
-5.97485378e-02,4.27272804e-02,0.00000000e+00,4.83999997e-01,5.00000000e-01,0.00000000e+00
-5.98436184e-02,4.16723564e-02,0.00000000e+00,4.85000014e-01,5.00000000e-01,0.00000000e+00
-5.99386953e-02,4.06174660e-02,0.00000000e+00,4.86000001e-01,5.00000000e-01,0.00000000e+00
-6.00337759e-02,3.95625755e-02,0.00000000e+00,4.86999989e-01,5.00000000e-01,0.00000000e+00
-6.01288527e-02,3.85076515e-02,0.00000000e+00,4.88000005e-01,5.00000000e-01,0.00000000e+00
-6.02239333e-02,3.74527611e-02,0.00000000e+00,4.88999993e-01,5.00000000e-01,0.00000000e+00
-6.03190102e-02,3.63978371e-02,0.00000000e+00,4.90000010e-01,5.00000000e-01,0.00000000e+00
-6.04140908e-02,3.53429466e-02,0.00000000e+00,4.90999997e-01,5.00000000e-01,0.00000000e+00
-6.05091713e-02,3.42880227e-02,0.00000000e+00,4.92000014e-01,5.00000000e-01,0.00000000e+00
-6.06042482e-02,3.32331322e-02,0.00000000e+00,4.93000001e-01,5.00000000e-01,0.00000000e+00
-6.06993251e-02,3.21782418e-02,0.00000000e+00,4.93999988e-01,5.00000000e-01,0.00000000e+00
-6.07944056e-02,3.11233196e-02,0.00000000e+00,4.95000005e-01,5.00000000e-01,0.00000000e+00
-6.08894825e-02,3.00684273e-02,0.00000000e+00,4.95999992e-01,5.00000000e-01,0.00000000e+00
-6.09845631e-02,2.90135052e-02,0.00000000e+00,4.97000009e-01,5.00000000e-01,0.00000000e+00
-6.10796399e-02,2.79586148e-02,0.00000000e+00,4.97999996e-01,5.00000000e-01,0.00000000e+00
-6.11747205e-02,2.69036908e-02,0.00000000e+00,4.99000013e-01,5.00000000e-01,0.00000000e+00
-6.12697974e-02,2.58488003e-02,0.00000000e+00,5.00000000e-01,5.00000000e-01,0.00000000e+00
-6.13698177e-02,2.47918274e-02,0.00000000e+00,5.00999987e-01,5.00000000e-01,0.00000000e+00
-6.14698417e-02,2.37348545e-02,0.00000000e+00,5.01999974e-01,5.00000000e-01,0.00000000e+00
-6.15698695e-02,2.26778183e-02,0.00000000e+00,5.03000021e-01,5.00000000e-01,0.00000000e+00
-6.16698898e-02,2.16208454e-02,0.00000000e+00,5.04000008e-01,5.00000000e-01,0.00000000e+00
-6.17699102e-02,2.05638707e-02,0.00000000e+00,5.04999995e-01,5.00000000e-01,0.00000000e+00
-6.18699342e-02,1.95068978e-02,0.00000000e+00,5.05999982e-01,5.00000000e-01,0.00000000e+00
-6.19699620e-02,1.84498616e-02,0.00000000e+00,5.07000029e-01,5.00000000e-01,0.00000000e+00
-6.20699823e-02,1.73928887e-02,0.00000000e+00,5.08000016e-01,5.00000000e-01,0.00000000e+00
-6.21700026e-02,1.63359158e-02,0.00000000e+00,5.09000003e-01,5.00000000e-01,0.00000000e+00
-6.22700267e-02,1.52789429e-02,0.00000000e+00,5.09999990e-01,5.00000000e-01,0.00000000e+00
-6.23700470e-02,1.42219700e-02,0.00000000e+00,5.10999978e-01,5.00000000e-01,0.00000000e+00
-6.24700747e-02,1.31649338e-02,0.00000000e+00,5.12000024e-01,5.00000000e-01,0.00000000e+00
-6.25700951e-02,1.21079609e-02,0.00000000e+00,5.13000011e-01,5.00000000e-01,0.00000000e+00
-6.26701191e-02,1.10509871e-02,0.00000000e+00,5.13999999e-01,5.00000000e-01,0.00000000e+00
-6.27701432e-02,9.99401417e-03,0.00000000e+00,5.14999986e-01,5.00000000e-01,0.00000000e+00
-6.28701597e-02,8.93704128e-03,0.00000000e+00,5.15999973e-01,5.00000000e-01,0.00000000e+00
-6.29701912e-02,7.88000505e-03,0.00000000e+00,5.17000020e-01,5.00000000e-01,0.00000000e+00
-6.30702078e-02,6.82303170e-03,0.00000000e+00,5.18000007e-01,5.00000000e-01,0.00000000e+00
-6.31737784e-02,5.75985620e-03,0.00000000e+00,5.18999994e-01,5.00000000e-01,0.00000000e+00
-6.32799789e-02,4.69208602e-03,0.00000000e+00,5.19999981e-01,5.00000000e-01,0.00000000e+00
-6.33861870e-02,3.62425274e-03,0.00000000e+00,5.21000028e-01,5.00000000e-01,0.00000000e+00
-6.34923875e-02,2.55648280e-03,0.00000000e+00,5.22000015e-01,5.00000000e-01,0.00000000e+00
-6.35985807e-02,1.48871297e-03,0.00000000e+00,5.23000002e-01,5.00000000e-01,0.00000000e+00
-6.37047812e-02,4.20943019e-04,0.00000000e+00,5.23999989e-01,5.00000000e-01,0.00000000e+00
-6.38109818e-02,-6.46826869e-04,0.00000000e+00,5.24999976e-01,5.00000000e-01,0.00000000e+00
-6.39171824e-02,-1.71466044e-03,0.00000000e+00,5.26000023e-01,5.00000000e-01,0.00000000e+00
-6.40233830e-02,-2.78243027e-03,0.00000000e+00,5.27000010e-01,5.00000000e-01,0.00000000e+00
-6.41295835e-02,-3.85020021e-03,0.00000000e+00,5.27999997e-01,5.00000000e-01,0.00000000e+00
-6.42357841e-02,-4.91796993e-03,0.00000000e+00,5.28999984e-01,5.00000000e-01,0.00000000e+00
-6.43419772e-02,-5.98574011e-03,0.00000000e+00,5.29999971e-01,5.00000000e-01,0.00000000e+00
-6.44481853e-02,-7.05357362e-03,0.00000000e+00,5.31000018e-01,5.00000000e-01,0.00000000e+00
-6.45543858e-02,-8.12134333e-03,0.00000000e+00,5.32000005e-01,5.00000000e-01,0.00000000e+00
-6.46605790e-02,-9.18911304e-03,0.00000000e+00,5.32999992e-01,5.00000000e-01,0.00000000e+00
-6.47667795e-02,-1.02568828e-02,0.00000000e+00,5.33999979e-01,5.00000000e-01,0.00000000e+00
-6.48729876e-02,-1.13247167e-02,0.00000000e+00,5.35000026e-01,5.00000000e-01,0.00000000e+00
-6.49791807e-02,-1.23924864e-02,0.00000000e+00,5.36000013e-01,5.00000000e-01,0.00000000e+00
-6.50891289e-02,-1.34630809e-02,0.00000000e+00,5.37000000e-01,5.00000000e-01,0.00000000e+00
-6.52009696e-02,-1.45351114e-02,0.00000000e+00,5.37999988e-01,5.00000000e-01,0.00000000e+00
-6.53128177e-02,-1.56071428e-02,0.00000000e+00,5.38999975e-01,5.00000000e-01,0.00000000e+00
-6.54246733e-02,-1.66792367e-02,0.00000000e+00,5.40000021e-01,5.00000000e-01,0.00000000e+00
-6.55365139e-02,-1.77512672e-02,0.00000000e+00,5.41000009e-01,5.00000000e-01,0.00000000e+00
-6.56483620e-02,-1.88232977e-02,0.00000000e+00,5.41999996e-01,5.00000000e-01,0.00000000e+00
-6.57602102e-02,-1.98953282e-02,0.00000000e+00,5.42999983e-01,5.00000000e-01,0.00000000e+00
-6.58720657e-02,-2.09674239e-02,0.00000000e+00,5.44000030e-01,5.00000000e-01,0.00000000e+00
-6.59839064e-02,-2.20394544e-02,0.00000000e+00,5.45000017e-01,5.00000000e-01,0.00000000e+00
-6.60957545e-02,-2.31114849e-02,0.00000000e+00,5.46000004e-01,5.00000000e-01,0.00000000e+00
-6.62076026e-02,-2.41835155e-02,0.00000000e+00,5.46999991e-01,5.00000000e-01,0.00000000e+00
-6.63194507e-02,-2.52555460e-02,0.00000000e+00,5.47999978e-01,5.00000000e-01,0.00000000e+00
-6.64312989e-02,-2.63276398e-02,0.00000000e+00,5.49000025e-01,5.00000000e-01,0.00000000e+00
-6.65431470e-02,-2.73996703e-02,0.00000000e+00,5.50000012e-01,5.00000000e-01,0.00000000e+00
-6.66549951e-02,-2.84717008e-02,0.00000000e+00,5.50999999e-01,5.00000000e-01,0.00000000e+00
-6.67668357e-02,-2.95437314e-02,0.00000000e+00,5.51999986e-01,5.00000000e-01,0.00000000e+00
-6.68786839e-02,-3.06157619e-02,0.00000000e+00,5.52999973e-01,5.00000000e-01,0.00000000e+00
-6.69919476e-02,-3.16892080e-02,0.00000000e+00,5.54000020e-01,5.00000000e-01,0.00000000e+00
-6.71094283e-02,-3.27666104e-02,0.00000000e+00,5.55000007e-01,5.00000000e-01,0.00000000e+00
-6.72269017e-02,-3.38440128e-02,0.00000000e+00,5.55999994e-01,5.00000000e-01,0.00000000e+00
-6.73443824e-02,-3.49214152e-02,0.00000000e+00,5.56999981e-01,5.00000000e-01,0.00000000e+00
-6.74618632e-02,-3.59988846e-02,0.00000000e+00,5.58000028e-01,5.00000000e-01,0.00000000e+00
-6.75793365e-02,-3.70762870e-02,0.00000000e+00,5.59000015e-01,5.00000000e-01,0.00000000e+00
-6.76968172e-02,-3.81536894e-02,0.00000000e+00,5.60000002e-01,5.00000000e-01,0.00000000e+00
-6.78142905e-02,-3.92310955e-02,0.00000000e+00,5.60999990e-01,5.00000000e-01,0.00000000e+00
-6.79317713e-02,-4.03084978e-02,0.00000000e+00,5.61999977e-01,5.00000000e-01,0.00000000e+00
-6.80492520e-02,-4.13859673e-02,0.00000000e+00,5.63000023e-01,5.00000000e-01,0.00000000e+00
-6.81667253e-02,-4.24633697e-02,0.00000000e+00,5.64000010e-01,5.00000000e-01,0.00000000e+00
-6.82842061e-02,-4.35407721e-02,0.00000000e+00,5.64999998e-01,5.00000000e-01,0.00000000e+00
-6.84016794e-02,-4.46181744e-02,0.00000000e+00,5.65999985e-01,5.00000000e-01,0.00000000e+00
-6.85191527e-02,-4.56955805e-02,0.00000000e+00,5.66999972e-01,5.00000000e-01,0.00000000e+00
-6.86366409e-02,-4.67730463e-02,0.00000000e+00,5.68000019e-01,5.00000000e-01,0.00000000e+00
-6.87541142e-02,-4.78504486e-02,0.00000000e+00,5.69000006e-01,5.00000000e-01,0.00000000e+00
-6.88715950e-02,-4.89278547e-02,0.00000000e+00,5.69999993e-01,5.00000000e-01,0.00000000e+00
-6.89908341e-02,-5.00073470e-02,0.00000000e+00,5.70999980e-01,5.00000000e-01,0.00000000e+00
-6.91137388e-02,-5.10912426e-02,0.00000000e+00,5.72000027e-01,5.00000000e-01,0.00000000e+00
-6.92366436e-02,-5.21750748e-02,0.00000000e+00,5.73000014e-01,5.00000000e-01,0.00000000e+00
-6.93595484e-02,-5.32589070e-02,0.00000000e+00,5.74000001e-01,5.00000000e-01,0.00000000e+00
-6.94824532e-02,-5.43427393e-02,0.00000000e+00,5.74999988e-01,5.00000000e-01,0.00000000e+00
-6.96053505e-02,-5.54265715e-02,0.00000000e+00,5.75999975e-01,5.00000000e-01,0.00000000e+00
-6.97282627e-02,-5.65104671e-02,0.00000000e+00,5.77000022e-01,5.00000000e-01,0.00000000e+00
-6.98511675e-02,-5.75942993e-02,0.00000000e+00,5.78000009e-01,5.00000000e-01,0.00000000e+00
-6.99740648e-02,-5.86781316e-02,0.00000000e+00,5.78999996e-01,5.00000000e-01,0.00000000e+00
-7.00969696e-02,-5.97619638e-02,0.00000000e+00,5.79999983e-01,5.00000000e-01,0.00000000e+00
-7.02198744e-02,-6.08457960e-02,0.00000000e+00,5.80999970e-01,5.00000000e-01,0.00000000e+00
-7.03427866e-02,-6.19296953e-02,0.00000000e+00,5.82000017e-01,5.00000000e-01,0.00000000e+00
-7.04656839e-02,-6.30135238e-02,0.00000000e+00,5.83000004e-01,5.00000000e-01,0.00000000e+00
-7.05885887e-02,-6.40973598e-02,0.00000000e+00,5.83999991e-01,5.00000000e-01,0.00000000e+00
-7.07114935e-02,-6.51811883e-02,0.00000000e+00,5.84999979e-01,5.00000000e-01,0.00000000e+00
-7.08344057e-02,-6.62650913e-02,0.00000000e+00,5.86000025e-01,5.00000000e-01,0.00000000e+00
-7.09573030e-02,-6.73489198e-02,0.00000000e+00,5.87000012e-01,5.00000000e-01,0.00000000e+00
-7.10845888e-02,-6.84391558e-02,0.00000000e+00,5.88000000e-01,5.00000000e-01,0.00000000e+00
-7.12125227e-02,-6.95303380e-02,0.00000000e+00,5.88999987e-01,5.00000000e-01,0.00000000e+00
-7.13404492e-02,-7.06215277e-02,0.00000000e+00,5.89999974e-01,5.00000000e-01,0.00000000e+00
-7.14683905e-02,-7.17127770e-02,0.00000000e+00,5.91000021e-01,5.00000000e-01,0.00000000e+00
-7.15963244e-02,-7.28039593e-02,0.00000000e+00,5.92000008e-01,5.00000000e-01,0.00000000e+00
-7.17242584e-02,-7.38951415e-02,0.00000000e+00,5.92999995e-01,5.00000000e-01,0.00000000e+00
-7.18521848e-02,-7.49863237e-02,0.00000000e+00,5.93999982e-01,5.00000000e-01,0.00000000e+00
-7.19801262e-02,-7.60775730e-02,0.00000000e+00,5.95000029e-01,5.00000000e-01,0.00000000e+00
-7.21080601e-02,-7.71687627e-02,0.00000000e+00,5.96000016e-01,5.00000000e-01,0.00000000e+00
-7.22359940e-02,-7.82599449e-02,0.00000000e+00,5.97000003e-01,5.00000000e-01,0.00000000e+00
-7.23639205e-02,-7.93511271e-02,0.00000000e+00,5.97999990e-01,5.00000000e-01,0.00000000e+00
-7.24918544e-02,-8.04423094e-02,0.00000000e+00,5.98999977e-01,5.00000000e-01,0.00000000e+00
-7.26197958e-02,-8.15335587e-02,0.00000000e+00,6.00000024e-01,5.00000000e-01,0.00000000e+00
-7.27477297e-02,-8.26247483e-02,0.00000000e+00,6.01000011e-01,5.00000000e-01,0.00000000e+00
-7.28756562e-02,-8.37159306e-02,0.00000000e+00,6.01999998e-01,5.00000000e-01,0.00000000e+00
-7.30035901e-02,-8.48071128e-02,0.00000000e+00,6.02999985e-01,5.00000000e-01,0.00000000e+00
-7.31353909e-02,-8.59053284e-02,0.00000000e+00,6.03999972e-01,5.00000000e-01,0.00000000e+00
-7.32677504e-02,-8.70046094e-02,0.00000000e+00,6.05000019e-01,5.00000000e-01,0.00000000e+00
-7.34000951e-02,-8.81038234e-02,0.00000000e+00,6.06000006e-01,5.00000000e-01,0.00000000e+00
-7.35324472e-02,-8.92030373e-02,0.00000000e+00,6.06999993e-01,5.00000000e-01,0.00000000e+00
-7.36647919e-02,-9.03022513e-02,0.00000000e+00,6.07999980e-01,5.00000000e-01,0.00000000e+00
-7.37971514e-02,-9.14015323e-02,0.00000000e+00,6.09000027e-01,5.00000000e-01,0.00000000e+00
-7.39295036e-02,-9.25007463e-02,0.00000000e+00,6.10000014e-01,5.00000000e-01,0.00000000e+00
-7.40618482e-02,-9.35999602e-02,0.00000000e+00,6.11000001e-01,5.00000000e-01,0.00000000e+00
-7.41942003e-02,-9.46991742e-02,0.00000000e+00,6.11999989e-01,5.00000000e-01,0.00000000e+00
-7.43265450e-02,-9.57983881e-02,0.00000000e+00,6.12999976e-01,5.00000000e-01,0.00000000e+00
-7.44589046e-02,-9.68976691e-02,0.00000000e+00,6.14000022e-01,5.00000000e-01,0.00000000e+00
-7.45912492e-02,-9.79968831e-02,0.00000000e+00,6.15000010e-01,5.00000000e-01,0.00000000e+00
-7.47236013e-02,-9.90960971e-02,0.00000000e+00,6.15999997e-01,5.00000000e-01,0.00000000e+00
-7.48559460e-02,-1.00195311e-01,0.00000000e+00,6.16999984e-01,5.00000000e-01,0.00000000e+00
-7.49882981e-02,-1.01294525e-01,0.00000000e+00,6.17999971e-01,5.00000000e-01,0.00000000e+00
-7.51218274e-02,-1.02396540e-01,0.00000000e+00,6.19000018e-01,5.00000000e-01,0.00000000e+00
-7.52577782e-02,-1.03504129e-01,0.00000000e+00,6.20000005e-01,5.00000000e-01,0.00000000e+00
-7.53937215e-02,-1.04611710e-01,0.00000000e+00,6.20999992e-01,5.00000000e-01,0.00000000e+00
-7.55296648e-02,-1.05719298e-01,0.00000000e+00,6.21999979e-01,5.00000000e-01,0.00000000e+00
-7.56656155e-02,-1.06826946e-01,0.00000000e+00,6.23000026e-01,5.00000000e-01,0.00000000e+00
-7.58015588e-02,-1.07934527e-01,0.00000000e+00,6.24000013e-01,5.00000000e-01,0.00000000e+00
-7.59375021e-02,-1.09042116e-01,0.00000000e+00,6.25000000e-01,5.00000000e-01,0.00000000e+00
-7.60734454e-02,-1.10149696e-01,0.00000000e+00,6.25999987e-01,5.00000000e-01,0.00000000e+00
-7.62093887e-02,-1.11257285e-01,0.00000000e+00,6.26999974e-01,5.00000000e-01,0.00000000e+00
-7.63453394e-02,-1.12364933e-01,0.00000000e+00,6.28000021e-01,5.00000000e-01,0.00000000e+00
-7.64812827e-02,-1.13472521e-01,0.00000000e+00,6.29000008e-01,5.00000000e-01,0.00000000e+00
-7.66172260e-02,-1.14580102e-01,0.00000000e+00,6.29999995e-01,5.00000000e-01,0.00000000e+00
-7.67531693e-02,-1.15687691e-01,0.00000000e+00,6.30999982e-01,5.00000000e-01,0.00000000e+00
-7.68891200e-02,-1.16795339e-01,0.00000000e+00,6.32000029e-01,5.00000000e-01,0.00000000e+00
-7.70250633e-02,-1.17902920e-01,0.00000000e+00,6.33000016e-01,5.00000000e-01,0.00000000e+00
-7.71615580e-02,-1.19012259e-01,0.00000000e+00,6.34000003e-01,5.00000000e-01,0.00000000e+00
-7.73000792e-02,-1.20128103e-01,0.00000000e+00,6.34999990e-01,5.00000000e-01,0.00000000e+00
-7.74386078e-02,-1.21243939e-01,0.00000000e+00,6.35999978e-01,5.00000000e-01,0.00000000e+00
-7.75771365e-02,-1.22359850e-01,0.00000000e+00,6.37000024e-01,5.00000000e-01,0.00000000e+00
-7.77156651e-02,-1.23475686e-01,0.00000000e+00,6.38000011e-01,5.00000000e-01,0.00000000e+00
-7.78541863e-02,-1.24591529e-01,0.00000000e+00,6.38999999e-01,5.00000000e-01,0.00000000e+00
-7.79927149e-02,-1.25707373e-01,0.00000000e+00,6.39999986e-01,5.00000000e-01,0.00000000e+00
-7.81312361e-02,-1.26823217e-01,0.00000000e+00,6.40999973e-01,5.00000000e-01,0.00000000e+00
-7.82697722e-02,-1.27939120e-01,0.00000000e+00,6.42000020e-01,5.00000000e-01,0.00000000e+00
-7.84082934e-02,-1.29054964e-01,0.00000000e+00,6.43000007e-01,5.00000000e-01,0.00000000e+00
-7.85468221e-02,-1.30170807e-01,0.00000000e+00,6.43999994e-01,5.00000000e-01,0.00000000e+00
-7.86853433e-02,-1.31286651e-01,0.00000000e+00,6.44999981e-01,5.00000000e-01,0.00000000e+00
-7.88238794e-02,-1.32402554e-01,0.00000000e+00,6.46000028e-01,5.00000000e-01,0.00000000e+00
-7.89624006e-02,-1.33518398e-01,0.00000000e+00,6.47000015e-01,5.00000000e-01,0.00000000e+00
-7.91009292e-02,-1.34634227e-01,0.00000000e+00,6.48000002e-01,5.00000000e-01,0.00000000e+00
-7.92401731e-02,-1.35754034e-01,0.00000000e+00,6.48999989e-01,5.00000000e-01,0.00000000e+00
-7.93800876e-02,-1.36877507e-01,0.00000000e+00,6.49999976e-01,5.00000000e-01,0.00000000e+00
-7.95200020e-02,-1.38001055e-01,0.00000000e+00,6.51000023e-01,5.00000000e-01,0.00000000e+00
-7.96599165e-02,-1.39124528e-01,0.00000000e+00,6.52000010e-01,5.00000000e-01,0.00000000e+00
-7.97998309e-02,-1.40248016e-01,0.00000000e+00,6.52999997e-01,5.00000000e-01,0.00000000e+00
-7.99397454e-02,-1.41371489e-01,0.00000000e+00,6.53999984e-01,5.00000000e-01,0.00000000e+00
-8.00796524e-02,-1.42494962e-01,0.00000000e+00,6.54999971e-01,5.00000000e-01,0.00000000e+00
-8.02195743e-02,-1.43618509e-01,0.00000000e+00,6.56000018e-01,5.00000000e-01,0.00000000e+00
-8.03594887e-02,-1.44741982e-01,0.00000000e+00,6.57000005e-01,5.00000000e-01,0.00000000e+00
-8.04994032e-02,-1.45865470e-01,0.00000000e+00,6.57999992e-01,5.00000000e-01,0.00000000e+00
-8.06393102e-02,-1.46988943e-01,0.00000000e+00,6.58999979e-01,5.00000000e-01,0.00000000e+00
-8.07792321e-02,-1.48112491e-01,0.00000000e+00,6.60000026e-01,5.00000000e-01,0.00000000e+00
-8.09191465e-02,-1.49235964e-01,0.00000000e+00,6.61000013e-01,5.00000000e-01,0.00000000e+00
-8.10590610e-02,-1.50359437e-01,0.00000000e+00,6.62000000e-01,5.00000000e-01,0.00000000e+00
-8.11989903e-02,-1.51484445e-01,0.00000000e+00,6.62999988e-01,5.00000000e-01,0.00000000e+00
-8.13389719e-02,-1.52614415e-01,0.00000000e+00,6.63999975e-01,5.00000000e-01,0.00000000e+00
-8.14789683e-02,-1.53744459e-01,0.00000000e+00,6.65000021e-01,5.00000000e-01,0.00000000e+00
-8.16189572e-02,-1.54874429e-01,0.00000000e+00,6.66000009e-01,5.00000000e-01,0.00000000e+00
-8.17589462e-02,-1.56004399e-01,0.00000000e+00,6.66999996e-01,5.00000000e-01,0.00000000e+00
-8.18989351e-02,-1.57134369e-01,0.00000000e+00,6.67999983e-01,5.00000000e-01,0.00000000e+00
-8.20389315e-02,-1.58264399e-01,0.00000000e+00,6.69000030e-01,5.00000000e-01,0.00000000e+00
-8.21789205e-02,-1.59394369e-01,0.00000000e+00,6.70000017e-01,5.00000000e-01,0.00000000e+00
-8.23189095e-02,-1.60524338e-01,0.00000000e+00,6.71000004e-01,5.00000000e-01,0.00000000e+00
-8.24588910e-02,-1.61654308e-01,0.00000000e+00,6.71999991e-01,5.00000000e-01,0.00000000e+00
-8.25988799e-02,-1.62784278e-01,0.00000000e+00,6.72999978e-01,5.00000000e-01,0.00000000e+00
-8.27388763e-02,-1.63914323e-01,0.00000000e+00,6.74000025e-01,5.00000000e-01,0.00000000e+00
-8.28788653e-02,-1.65044293e-01,0.00000000e+00,6.75000012e-01,5.00000000e-01,0.00000000e+00
-8.30188543e-02,-1.66174263e-01,0.00000000e+00,6.75999999e-01,5.00000000e-01,0.00000000e+00
-8.31584036e-02,-1.67305917e-01,0.00000000e+00,6.76999986e-01,5.00000000e-01,0.00000000e+00
-8.32971260e-02,-1.68440714e-01,0.00000000e+00,6.77999973e-01,5.00000000e-01,0.00000000e+00
-8.34358633e-02,-1.69575587e-01,0.00000000e+00,6.79000020e-01,5.00000000e-01,0.00000000e+00
-8.35745931e-02,-1.70710385e-01,0.00000000e+00,6.80000007e-01,5.00000000e-01,0.00000000e+00
-8.37133154e-02,-1.71845183e-01,0.00000000e+00,6.80999994e-01,5.00000000e-01,0.00000000e+00
-8.38520452e-02,-1.72979981e-01,0.00000000e+00,6.81999981e-01,5.00000000e-01,0.00000000e+00
-8.39907825e-02,-1.74114838e-01,0.00000000e+00,6.83000028e-01,5.00000000e-01,0.00000000e+00
-8.41295123e-02,-1.75249636e-01,0.00000000e+00,6.84000015e-01,5.00000000e-01,0.00000000e+00
-8.42682347e-02,-1.76384434e-01,0.00000000e+00,6.85000002e-01,5.00000000e-01,0.00000000e+00
-8.44069645e-02,-1.77519232e-01,0.00000000e+00,6.85999990e-01,5.00000000e-01,0.00000000e+00
-8.45456943e-02,-1.78654030e-01,0.00000000e+00,6.86999977e-01,5.00000000e-01,0.00000000e+00
-8.46844316e-02,-1.79788902e-01,0.00000000e+00,6.88000023e-01,5.00000000e-01,0.00000000e+00
-8.48231539e-02,-1.80923700e-01,0.00000000e+00,6.89000010e-01,5.00000000e-01,0.00000000e+00
-8.49618837e-02,-1.82058498e-01,0.00000000e+00,6.89999998e-01,5.00000000e-01,0.00000000e+00
-8.50984976e-02,-1.83195785e-01,0.00000000e+00,6.90999985e-01,5.00000000e-01,0.00000000e+00
-8.52347389e-02,-1.84333503e-01,0.00000000e+00,6.91999972e-01,5.00000000e-01,0.00000000e+00
-8.53709877e-02,-1.85471281e-01,0.00000000e+00,6.93000019e-01,5.00000000e-01,0.00000000e+00
-8.55072290e-02,-1.86609000e-01,0.00000000e+00,6.94000006e-01,5.00000000e-01,0.00000000e+00
-8.56434703e-02,-1.87746719e-01,0.00000000e+00,6.94999993e-01,5.00000000e-01,0.00000000e+00
-8.57797116e-02,-1.88884437e-01,0.00000000e+00,6.95999980e-01,5.00000000e-01,0.00000000e+00
-8.59159604e-02,-1.90022230e-01,0.00000000e+00,6.97000027e-01,5.00000000e-01,0.00000000e+00
-8.60522017e-02,-1.91159949e-01,0.00000000e+00,6.98000014e-01,5.00000000e-01,0.00000000e+00
-8.61884430e-02,-1.92297667e-01,0.00000000e+00,6.99000001e-01,5.00000000e-01,0.00000000e+00
-8.63246843e-02,-1.93435386e-01,0.00000000e+00,6.99999988e-01,5.00000000e-01,0.00000000e+00
-8.64609256e-02,-1.94573104e-01,0.00000000e+00,7.00999975e-01,5.00000000e-01,0.00000000e+00
-8.65971744e-02,-1.95710897e-01,0.00000000e+00,7.02000022e-01,5.00000000e-01,0.00000000e+00
-8.67334157e-02,-1.96848616e-01,0.00000000e+00,7.03000009e-01,5.00000000e-01,0.00000000e+00
-8.68671611e-02,-1.97987080e-01,0.00000000e+00,7.03999996e-01,5.00000000e-01,0.00000000e+00
-8.69999900e-02,-1.99125841e-01,0.00000000e+00,7.04999983e-01,5.00000000e-01,0.00000000e+00
-8.71328190e-02,-2.00264588e-01,0.00000000e+00,7.05999970e-01,5.00000000e-01,0.00000000e+00
-8.72656554e-02,-2.01403409e-01,0.00000000e+00,7.07000017e-01,5.00000000e-01,0.00000000e+00
-8.73984843e-02,-2.02542156e-01,0.00000000e+00,7.08000004e-01,5.00000000e-01,0.00000000e+00
-8.75313133e-02,-2.03680903e-01,0.00000000e+00,7.08999991e-01,5.00000000e-01,0.00000000e+00
-8.76641497e-02,-2.04819649e-01,0.00000000e+00,7.09999979e-01,5.00000000e-01,0.00000000e+00
-8.77969861e-02,-2.05958471e-01,0.00000000e+00,7.11000025e-01,5.00000000e-01,0.00000000e+00
-8.79298151e-02,-2.07097217e-01,0.00000000e+00,7.12000012e-01,5.00000000e-01,0.00000000e+00
-8.80626440e-02,-2.08235964e-01,0.00000000e+00,7.13000000e-01,5.00000000e-01,0.00000000e+00
-8.81954730e-02,-2.09374711e-01,0.00000000e+00,7.13999987e-01,5.00000000e-01,0.00000000e+00
-8.83283019e-02,-2.10513473e-01,0.00000000e+00,7.14999974e-01,5.00000000e-01,0.00000000e+00
-8.84611383e-02,-2.11652279e-01,0.00000000e+00,7.16000021e-01,5.00000000e-01,0.00000000e+00
-8.85902941e-02,-2.12790862e-01,0.00000000e+00,7.17000008e-01,5.00000000e-01,0.00000000e+00
-8.87193531e-02,-2.13929415e-01,0.00000000e+00,7.17999995e-01,5.00000000e-01,0.00000000e+00
-8.88484120e-02,-2.15067983e-01,0.00000000e+00,7.18999982e-01,5.00000000e-01,0.00000000e+00
-8.89774859e-02,-2.16206625e-01,0.00000000e+00,7.20000029e-01,5.00000000e-01,0.00000000e+00
-8.91065449e-02,-2.17345193e-01,0.00000000e+00,7.21000016e-01,5.00000000e-01,0.00000000e+00
-8.92356038e-02,-2.18483761e-01,0.00000000e+00,7.22000003e-01,5.00000000e-01,0.00000000e+00
-8.93646628e-02,-2.19622314e-01,0.00000000e+00,7.22999990e-01,5.00000000e-01,0.00000000e+00
-8.94937292e-02,-2.20760882e-01,0.00000000e+00,7.23999977e-01,5.00000000e-01,0.00000000e+00
-8.96227956e-02,-2.21899524e-01,0.00000000e+00,7.25000024e-01,5.00000000e-01,0.00000000e+00
-8.97518545e-02,-2.23038092e-01,0.00000000e+00,7.26000011e-01,5.00000000e-01,0.00000000e+00
-8.98809209e-02,-2.24176660e-01,0.00000000e+00,7.26999998e-01,5.00000000e-01,0.00000000e+00
-9.00099799e-02,-2.25315228e-01,0.00000000e+00,7.27999985e-01,5.00000000e-01,0.00000000e+00
-9.01371613e-02,-2.26453826e-01,0.00000000e+00,7.28999972e-01,5.00000000e-01,0.00000000e+00
-9.02629718e-02,-2.27592513e-01,0.00000000e+00,7.30000019e-01,5.00000000e-01,0.00000000e+00
-9.03887749e-02,-2.28731140e-01,0.00000000e+00,7.31000006e-01,5.00000000e-01,0.00000000e+00
-9.05145779e-02,-2.29869768e-01,0.00000000e+00,7.31999993e-01,5.00000000e-01,0.00000000e+00
-9.06403810e-02,-2.31008396e-01,0.00000000e+00,7.32999980e-01,5.00000000e-01,0.00000000e+00
-9.07661915e-02,-2.32147098e-01,0.00000000e+00,7.34000027e-01,5.00000000e-01,0.00000000e+00
-9.08919945e-02,-2.33285725e-01,0.00000000e+00,7.35000014e-01,5.00000000e-01,0.00000000e+00
-9.10177976e-02,-2.34424353e-01,0.00000000e+00,7.36000001e-01,5.00000000e-01,0.00000000e+00
-9.11436006e-02,-2.35562980e-01,0.00000000e+00,7.36999989e-01,5.00000000e-01,0.00000000e+00
-9.12694037e-02,-2.36701608e-01,0.00000000e+00,7.37999976e-01,5.00000000e-01,0.00000000e+00
-9.13952142e-02,-2.37840295e-01,0.00000000e+00,7.39000022e-01,5.00000000e-01,0.00000000e+00
-9.15210098e-02,-2.38978922e-01,0.00000000e+00,7.40000010e-01,5.00000000e-01,0.00000000e+00
-9.16460156e-02,-2.40119025e-01,0.00000000e+00,7.40999997e-01,5.00000000e-01,0.00000000e+00
-9.17702764e-02,-2.41260484e-01,0.00000000e+00,7.41999984e-01,5.00000000e-01,0.00000000e+00
-9.18945447e-02,-2.42401943e-01,0.00000000e+00,7.42999971e-01,5.00000000e-01,0.00000000e+00
-9.20188129e-02,-2.43543476e-01,0.00000000e+00,7.44000018e-01,5.00000000e-01,0.00000000e+00
-9.21430811e-02,-2.44684920e-01,0.00000000e+00,7.45000005e-01,5.00000000e-01,0.00000000e+00
-9.22673494e-02,-2.45826378e-01,0.00000000e+00,7.45999992e-01,5.00000000e-01,0.00000000e+00
-9.23916101e-02,-2.46967837e-01,0.00000000e+00,7.46999979e-01,5.00000000e-01,0.00000000e+00
-9.25158858e-02,-2.48109370e-01,0.00000000e+00,7.48000026e-01,5.00000000e-01,0.00000000e+00
-9.26401466e-02,-2.49250814e-01,0.00000000e+00,7.49000013e-01,5.00000000e-01,0.00000000e+00
-9.27644148e-02,-2.50392288e-01,0.00000000e+00,7.50000000e-01,5.00000000e-01,0.00000000e+00
-9.28886831e-02,-2.51533747e-01,0.00000000e+00,7.50999987e-01,5.00000000e-01,0.00000000e+00
-9.30129439e-02,-2.52675176e-01,0.00000000e+00,7.51999974e-01,5.00000000e-01,0.00000000e+00
-9.31386352e-02,-2.53824264e-01,0.00000000e+00,7.53000021e-01,5.00000000e-01,0.00000000e+00
-9.32646617e-02,-2.54975110e-01,0.00000000e+00,7.54000008e-01,5.00000000e-01,0.00000000e+00
-9.33906883e-02,-2.56125957e-01,0.00000000e+00,7.54999995e-01,5.00000000e-01,0.00000000e+00
-9.35167074e-02,-2.57276803e-01,0.00000000e+00,7.55999982e-01,5.00000000e-01,0.00000000e+00
-9.36427414e-02,-2.58427709e-01,0.00000000e+00,7.57000029e-01,5.00000000e-01,0.00000000e+00
-9.37687680e-02,-2.59578556e-01,0.00000000e+00,7.58000016e-01,5.00000000e-01,0.00000000e+00
-9.38947946e-02,-2.60729373e-01,0.00000000e+00,7.59000003e-01,5.00000000e-01,0.00000000e+00
-9.40208212e-02,-2.61880219e-01,0.00000000e+00,7.59999990e-01,5.00000000e-01,0.00000000e+00
-9.41468477e-02,-2.63031065e-01,0.00000000e+00,7.60999978e-01,5.00000000e-01,0.00000000e+00
-9.42728743e-02,-2.64181972e-01,0.00000000e+00,7.62000024e-01,5.00000000e-01,0.00000000e+00
-9.43989009e-02,-2.65332818e-01,0.00000000e+00,7.63000011e-01,5.00000000e-01,0.00000000e+00
-9.45277661e-02,-2.66492367e-01,0.00000000e+00,7.63999999e-01,5.00000000e-01,0.00000000e+00
-9.46606323e-02,-2.67664254e-01,0.00000000e+00,7.64999986e-01,5.00000000e-01,0.00000000e+00
-9.47935060e-02,-2.68836111e-01,0.00000000e+00,7.65999973e-01,5.00000000e-01,0.00000000e+00
-9.49263796e-02,-2.70008057e-01,0.00000000e+00,7.67000020e-01,5.00000000e-01,0.00000000e+00
-9.50592533e-02,-2.71179914e-01,0.00000000e+00,7.68000007e-01,5.00000000e-01,0.00000000e+00
-9.51921195e-02,-2.72351801e-01,0.00000000e+00,7.68999994e-01,5.00000000e-01,0.00000000e+00
-9.53249931e-02,-2.73523659e-01,0.00000000e+00,7.69999981e-01,5.00000000e-01,0.00000000e+00
-9.54578668e-02,-2.74695605e-01,0.00000000e+00,7.71000028e-01,5.00000000e-01,0.00000000e+00
-9.55907404e-02,-2.75867462e-01,0.00000000e+00,7.72000015e-01,5.00000000e-01,0.00000000e+00
-9.57236066e-02,-2.77039349e-01,0.00000000e+00,7.73000002e-01,5.00000000e-01,0.00000000e+00
-9.58564803e-02,-2.78211206e-01,0.00000000e+00,7.73999989e-01,5.00000000e-01,0.00000000e+00
-9.59940553e-02,-2.79396415e-01,0.00000000e+00,7.74999976e-01,5.00000000e-01,0.00000000e+00
-9.61406901e-02,-2.80607402e-01,0.00000000e+00,7.76000023e-01,5.00000000e-01,0.00000000e+00
-9.62873250e-02,-2.81818330e-01,0.00000000e+00,7.77000010e-01,5.00000000e-01,0.00000000e+00
-9.64339599e-02,-2.83029258e-01,0.00000000e+00,7.77999997e-01,5.00000000e-01,0.00000000e+00
-9.65805873e-02,-2.84240156e-01,0.00000000e+00,7.78999984e-01,5.00000000e-01,0.00000000e+00
-9.67272222e-02,-2.85451084e-01,0.00000000e+00,7.79999971e-01,5.00000000e-01,0.00000000e+00
-9.68738645e-02,-2.86662072e-01,0.00000000e+00,7.81000018e-01,5.00000000e-01,0.00000000e+00
-9.70204994e-02,-2.87872970e-01,0.00000000e+00,7.82000005e-01,5.00000000e-01,0.00000000e+00
-9.71671268e-02,-2.89083898e-01,0.00000000e+00,7.82999992e-01,5.00000000e-01,0.00000000e+00
-9.73137617e-02,-2.90294826e-01,0.00000000e+00,7.83999979e-01,5.00000000e-01,0.00000000e+00
-9.74604040e-02,-2.91505814e-01,0.00000000e+00,7.85000026e-01,5.00000000e-01,0.00000000e+00
-9.76199359e-02,-2.92753667e-01,0.00000000e+00,7.86000013e-01,5.00000000e-01,0.00000000e+00
-9.77888852e-02,-2.94028491e-01,0.00000000e+00,7.87000000e-01,5.00000000e-01,0.00000000e+00
-9.79578346e-02,-2.95303345e-01,0.00000000e+00,7.87999988e-01,5.00000000e-01,0.00000000e+00
-9.81267840e-02,-2.96578169e-01,0.00000000e+00,7.88999975e-01,5.00000000e-01,0.00000000e+00
-9.82957482e-02,-2.97853082e-01,0.00000000e+00,7.90000021e-01,5.00000000e-01,0.00000000e+00
-9.84646976e-02,-2.99127907e-01,0.00000000e+00,7.91000009e-01,5.00000000e-01,0.00000000e+00
-9.86336470e-02,-3.00402761e-01,0.00000000e+00,7.91999996e-01,5.00000000e-01,0.00000000e+00
-9.88025963e-02,-3.01677585e-01,0.00000000e+00,7.92999983e-01,5.00000000e-01,0.00000000e+00
-9.89715606e-02,-3.02952498e-01,0.00000000e+00,7.94000030e-01,5.00000000e-01,0.00000000e+00
-9.91405100e-02,-3.04227322e-01,0.00000000e+00,7.95000017e-01,5.00000000e-01,0.00000000e+00
-9.93130952e-02,-3.05513054e-01,0.00000000e+00,7.96000004e-01,5.00000000e-01,0.00000000e+00
-9.95137915e-02,-3.06883216e-01,0.00000000e+00,7.96999991e-01,5.00000000e-01,0.00000000e+00
-9.97144878e-02,-3.08253378e-01,0.00000000e+00,7.97999978e-01,5.00000000e-01,0.00000000e+00
-9.99151990e-02,-3.09623599e-01,0.00000000e+00,7.99000025e-01,5.00000000e-01,0.00000000e+00
-1.00115903e-01,-3.10993761e-01,0.00000000e+00,8.00000012e-01,5.00000000e-01,0.00000000e+00
-1.00316599e-01,-3.12363923e-01,0.00000000e+00,8.00999999e-01,5.00000000e-01,0.00000000e+00
-1.00517295e-01,-3.13734084e-01,0.00000000e+00,8.01999986e-01,5.00000000e-01,0.00000000e+00
-1.00717992e-01,-3.15104246e-01,0.00000000e+00,8.02999973e-01,5.00000000e-01,0.00000000e+00
-1.00918703e-01,-3.16474468e-01,0.00000000e+00,8.04000020e-01,5.00000000e-01,0.00000000e+00
-1.01119407e-01,-3.17844629e-01,0.00000000e+00,8.05000007e-01,5.00000000e-01,0.00000000e+00
-1.01320103e-01,-3.19214791e-01,0.00000000e+00,8.05999994e-01,5.00000000e-01,0.00000000e+00
-1.01559356e-01,-3.20708960e-01,0.00000000e+00,8.06999981e-01,5.00000000e-01,0.00000000e+00
-1.01800971e-01,-3.22210759e-01,0.00000000e+00,8.08000028e-01,5.00000000e-01,0.00000000e+00
-1.02042571e-01,-3.23712468e-01,0.00000000e+00,8.09000015e-01,5.00000000e-01,0.00000000e+00
-1.02284171e-01,-3.25214148e-01,0.00000000e+00,8.10000002e-01,5.00000000e-01,0.00000000e+00
-1.02525771e-01,-3.26715857e-01,0.00000000e+00,8.10999990e-01,5.00000000e-01,0.00000000e+00
-1.02767371e-01,-3.28217566e-01,0.00000000e+00,8.11999977e-01,5.00000000e-01,0.00000000e+00
-1.03008986e-01,-3.29719365e-01,0.00000000e+00,8.13000023e-01,5.00000000e-01,0.00000000e+00
-1.03250578e-01,-3.31221074e-01,0.00000000e+00,8.14000010e-01,5.00000000e-01,0.00000000e+00
-1.03492178e-01,-3.32722783e-01,0.00000000e+00,8.14999998e-01,5.00000000e-01,0.00000000e+00
-1.03736408e-01,-3.34233731e-01,0.00000000e+00,8.15999985e-01,5.00000000e-01,0.00000000e+00
-1.04025930e-01,-3.35904121e-01,0.00000000e+00,8.16999972e-01,5.00000000e-01,0.00000000e+00
-1.04315475e-01,-3.37574631e-01,0.00000000e+00,8.18000019e-01,5.00000000e-01,0.00000000e+00
-1.04604997e-01,-3.39245021e-01,0.00000000e+00,8.19000006e-01,5.00000000e-01,0.00000000e+00
-1.04894526e-01,-3.40915412e-01,0.00000000e+00,8.19999993e-01,5.00000000e-01,0.00000000e+00
-1.05184048e-01,-3.42585802e-01,0.00000000e+00,8.20999980e-01,5.00000000e-01,0.00000000e+00
-1.05473593e-01,-3.44256312e-01,0.00000000e+00,8.22000027e-01,5.00000000e-01,0.00000000e+00
-1.05763122e-01,-3.45926702e-01,0.00000000e+00,8.23000014e-01,5.00000000e-01,0.00000000e+00
-1.06052645e-01,-3.47597092e-01,0.00000000e+00,8.24000001e-01,5.00000000e-01,0.00000000e+00
-1.06342174e-01,-3.49267483e-01,0.00000000e+00,8.24999988e-01,5.00000000e-01,0.00000000e+00
-1.06654108e-01,-3.51026773e-01,0.00000000e+00,8.25999975e-01,5.00000000e-01,0.00000000e+00
-1.06994286e-01,-3.52898151e-01,0.00000000e+00,8.27000022e-01,5.00000000e-01,0.00000000e+00
-1.07334435e-01,-3.54769379e-01,0.00000000e+00,8.28000009e-01,5.00000000e-01,0.00000000e+00
-1.07674591e-01,-3.56640637e-01,0.00000000e+00,8.28999996e-01,5.00000000e-01,0.00000000e+00
-1.08014748e-01,-3.58511895e-01,0.00000000e+00,8.29999983e-01,5.00000000e-01,0.00000000e+00
-1.08354896e-01,-3.60383153e-01,0.00000000e+00,8.30999970e-01,5.00000000e-01,0.00000000e+00
-1.08695075e-01,-3.62254500e-01,0.00000000e+00,8.32000017e-01,5.00000000e-01,0.00000000e+00
-1.09035231e-01,-3.64125758e-01,0.00000000e+00,8.33000004e-01,5.00000000e-01,0.00000000e+00
-1.09375380e-01,-3.65996987e-01,0.00000000e+00,8.33999991e-01,5.00000000e-01,0.00000000e+00
-1.09720133e-01,-3.67889971e-01,0.00000000e+00,8.34999979e-01,5.00000000e-01,0.00000000e+00
-1.10106930e-01,-3.69981766e-01,0.00000000e+00,8.36000025e-01,5.00000000e-01,0.00000000e+00
-1.10493705e-01,-3.72073412e-01,0.00000000e+00,8.37000012e-01,5.00000000e-01,0.00000000e+00
-1.10880479e-01,-3.74165088e-01,0.00000000e+00,8.38000000e-01,5.00000000e-01,0.00000000e+00
-1.11267254e-01,-3.76256734e-01,0.00000000e+00,8.38999987e-01,5.00000000e-01,0.00000000e+00
-1.11654036e-01,-3.78348410e-01,0.00000000e+00,8.39999974e-01,5.00000000e-01,0.00000000e+00
-1.12040833e-01,-3.80440205e-01,0.00000000e+00,8.41000021e-01,5.00000000e-01,0.00000000e+00
-1.12427607e-01,-3.82531852e-01,0.00000000e+00,8.42000008e-01,5.00000000e-01,0.00000000e+00
-1.12814382e-01,-3.84623498e-01,0.00000000e+00,8.42999995e-01,5.00000000e-01,0.00000000e+00
-1.13201670e-01,-3.86718482e-01,0.00000000e+00,8.43999982e-01,5.00000000e-01,0.00000000e+00
-1.13621935e-01,-3.89028102e-01,0.00000000e+00,8.45000029e-01,5.00000000e-01,0.00000000e+00
-1.14042170e-01,-3.91337574e-01,0.00000000e+00,8.46000016e-01,5.00000000e-01,0.00000000e+00
-1.14462413e-01,-3.93647045e-01,0.00000000e+00,8.47000003e-01,5.00000000e-01,0.00000000e+00
-1.14882655e-01,-3.95956516e-01,0.00000000e+00,8.47999990e-01,5.00000000e-01,0.00000000e+00
-1.15302891e-01,-3.98265958e-01,0.00000000e+00,8.48999977e-01,5.00000000e-01,0.00000000e+00
-1.15723155e-01,-4.00575578e-01,0.00000000e+00,8.50000024e-01,5.00000000e-01,0.00000000e+00
-1.16143398e-01,-4.02885050e-01,0.00000000e+00,8.51000011e-01,5.00000000e-01,0.00000000e+00
-1.16563641e-01,-4.05194521e-01,0.00000000e+00,8.51999998e-01,5.00000000e-01,0.00000000e+00
-1.16985634e-01,-4.07538027e-01,0.00000000e+00,8.52999985e-01,5.00000000e-01,0.00000000e+00
-1.17415339e-01,-4.10031289e-01,0.00000000e+00,8.53999972e-01,5.00000000e-01,0.00000000e+00
-1.17845073e-01,-4.12524670e-01,0.00000000e+00,8.55000019e-01,5.00000000e-01,0.00000000e+00
-1.18274778e-01,-4.15017933e-01,0.00000000e+00,8.56000006e-01,5.00000000e-01,0.00000000e+00
-1.18704483e-01,-4.17511195e-01,0.00000000e+00,8.56999993e-01,5.00000000e-01,0.00000000e+00
-1.19134188e-01,-4.20004427e-01,0.00000000e+00,8.57999980e-01,5.00000000e-01,0.00000000e+00
-1.19563922e-01,-4.22497839e-01,0.00000000e+00,8.59000027e-01,5.00000000e-01,0.00000000e+00
-1.19993627e-01,-4.24991071e-01,0.00000000e+00,8.60000014e-01,5.00000000e-01,0.00000000e+00
-1.20423332e-01,-4.27484334e-01,0.00000000e+00,8.61000001e-01,5.00000000e-01,0.00000000e+00
-1.20837487e-01,-4.30043906e-01,0.00000000e+00,8.61999989e-01,5.00000000e-01,0.00000000e+00
-1.21241361e-01,-4.32647407e-01,0.00000000e+00,8.62999976e-01,5.00000000e-01,0.00000000e+00
-1.21645249e-01,-4.35251057e-01,0.00000000e+00,8.64000022e-01,5.00000000e-01,0.00000000e+00
-1.22049116e-01,-4.37854558e-01,0.00000000e+00,8.65000010e-01,5.00000000e-01,0.00000000e+00
-1.22452982e-01,-4.40458059e-01,0.00000000e+00,8.65999997e-01,5.00000000e-01,0.00000000e+00
-1.22856848e-01,-4.43061560e-01,0.00000000e+00,8.66999984e-01,5.00000000e-01,0.00000000e+00
-1.23260714e-01,-4.45665061e-01,0.00000000e+00,8.67999971e-01,5.00000000e-01,0.00000000e+00
-1.23664610e-01,-4.48268712e-01,0.00000000e+00,8.69000018e-01,5.00000000e-01,0.00000000e+00
-1.24050096e-01,-4.50870275e-01,0.00000000e+00,8.70000005e-01,5.00000000e-01,0.00000000e+00
-1.24382585e-01,-4.53466207e-01,0.00000000e+00,8.70999992e-01,5.00000000e-01,0.00000000e+00
-1.24715075e-01,-4.56062138e-01,0.00000000e+00,8.71999979e-01,5.00000000e-01,0.00000000e+00
-1.25047579e-01,-4.58658248e-01,0.00000000e+00,8.73000026e-01,5.00000000e-01,0.00000000e+00
-1.25380069e-01,-4.61254179e-01,0.00000000e+00,8.74000013e-01,5.00000000e-01,0.00000000e+00
-1.25712559e-01,-4.63850111e-01,0.00000000e+00,8.75000000e-01,5.00000000e-01,0.00000000e+00
-1.26045048e-01,-4.66446072e-01,0.00000000e+00,8.75999987e-01,5.00000000e-01,0.00000000e+00
-1.26377538e-01,-4.69042003e-01,0.00000000e+00,8.76999974e-01,5.00000000e-01,0.00000000e+00
-1.26691893e-01,-4.71613407e-01,0.00000000e+00,8.78000021e-01,5.00000000e-01,0.00000000e+00
-1.26900032e-01,-4.74040210e-01,0.00000000e+00,8.79000008e-01,5.00000000e-01,0.00000000e+00
-1.27108172e-01,-4.76467043e-01,0.00000000e+00,8.79999995e-01,5.00000000e-01,0.00000000e+00
-1.27316311e-01,-4.78893846e-01,0.00000000e+00,8.80999982e-01,5.00000000e-01,0.00000000e+00
-1.27524465e-01,-4.81320828e-01,0.00000000e+00,8.82000029e-01,5.00000000e-01,0.00000000e+00
-1.27732605e-01,-4.83747631e-01,0.00000000e+00,8.83000016e-01,5.00000000e-01,0.00000000e+00
-1.27940744e-01,-4.86174464e-01,0.00000000e+00,8.84000003e-01,5.00000000e-01,0.00000000e+00
-1.28148884e-01,-4.88601267e-01,0.00000000e+00,8.84999990e-01,5.00000000e-01,0.00000000e+00
-1.28310099e-01,-4.90932316e-01,0.00000000e+00,8.85999978e-01,5.00000000e-01,0.00000000e+00
-1.28338277e-01,-4.92991954e-01,0.00000000e+00,8.87000024e-01,5.00000000e-01,0.00000000e+00
-1.28366455e-01,-4.95051444e-01,0.00000000e+00,8.88000011e-01,5.00000000e-01,0.00000000e+00
-1.28394634e-01,-4.97110963e-01,0.00000000e+00,8.88999999e-01,5.00000000e-01,0.00000000e+00
-1.28422812e-01,-4.99170452e-01,0.00000000e+00,8.89999986e-01,5.00000000e-01,0.00000000e+00
-1.28450990e-01,-5.01229942e-01,0.00000000e+00,8.90999973e-01,5.00000000e-01,0.00000000e+00
-1.28479168e-01,-5.03289580e-01,0.00000000e+00,8.92000020e-01,5.00000000e-01,0.00000000e+00
-1.28507346e-01,-5.05349100e-01,0.00000000e+00,8.93000007e-01,5.00000000e-01,0.00000000e+00
-1.28397241e-01,-5.07058501e-01,0.00000000e+00,8.93999994e-01,5.00000000e-01,0.00000000e+00
-1.28193215e-01,-5.08530080e-01,0.00000000e+00,8.94999981e-01,5.00000000e-01,0.00000000e+00
-1.27989188e-01,-5.10001779e-01,0.00000000e+00,8.96000028e-01,5.00000000e-01,0.00000000e+00
-1.27785161e-01,-5.11473417e-01,0.00000000e+00,8.97000015e-01,5.00000000e-01,0.00000000e+00
-1.27581149e-01,-5.12945056e-01,0.00000000e+00,8.98000002e-01,5.00000000e-01,0.00000000e+00
-1.27377123e-01,-5.14416695e-01,0.00000000e+00,8.98999989e-01,5.00000000e-01,0.00000000e+00
-1.27173096e-01,-5.15888274e-01,0.00000000e+00,8.99999976e-01,5.00000000e-01,0.00000000e+00
-1.26929507e-01,-5.17243087e-01,0.00000000e+00,9.01000023e-01,5.00000000e-01,0.00000000e+00
-1.26451150e-01,-5.17904282e-01,0.00000000e+00,9.02000010e-01,5.00000000e-01,0.00000000e+00
-1.25972807e-01,-5.18565416e-01,0.00000000e+00,9.02999997e-01,5.00000000e-01,0.00000000e+00
-1.25494450e-01,-5.19226611e-01,0.00000000e+00,9.03999984e-01,5.00000000e-01,0.00000000e+00
-1.25016108e-01,-5.19887745e-01,0.00000000e+00,9.04999971e-01,5.00000000e-01,0.00000000e+00
-1.24537729e-01,-5.20548999e-01,0.00000000e+00,9.06000018e-01,5.00000000e-01,0.00000000e+00
-1.24059379e-01,-5.21210134e-01,0.00000000e+00,9.07000005e-01,5.00000000e-01,0.00000000e+00
-1.23581029e-01,-5.21871328e-01,0.00000000e+00,9.07999992e-01,5.00000000e-01,0.00000000e+00
-1.22832365e-01,-5.21621883e-01,0.00000000e+00,9.08999979e-01,5.00000000e-01,0.00000000e+00
-1.22053832e-01,-5.21271944e-01,0.00000000e+00,9.10000026e-01,5.00000000e-01,0.00000000e+00
-1.21275350e-01,-5.20922005e-01,0.00000000e+00,9.11000013e-01,5.00000000e-01,0.00000000e+00
-1.20496862e-01,-5.20572066e-01,0.00000000e+00,9.12000000e-01,5.00000000e-01,0.00000000e+00
-1.19718373e-01,-5.20222127e-01,0.00000000e+00,9.12999988e-01,5.00000000e-01,0.00000000e+00
-1.18939884e-01,-5.19872248e-01,0.00000000e+00,9.13999975e-01,5.00000000e-01,0.00000000e+00
-1.18161350e-01,-5.19522309e-01,0.00000000e+00,9.15000021e-01,5.00000000e-01,0.00000000e+00
-1.17120668e-01,-5.18170714e-01,0.00000000e+00,9.16000009e-01,5.00000000e-01,0.00000000e+00
-1.16037011e-01,-5.16655028e-01,0.00000000e+00,9.16999996e-01,5.00000000e-01,0.00000000e+00
-1.14953361e-01,-5.15139401e-01,0.00000000e+00,9.17999983e-01,5.00000000e-01,0.00000000e+00
-1.13869645e-01,-5.13623595e-01,0.00000000e+00,9.19000030e-01,5.00000000e-01,0.00000000e+00
-1.12785995e-01,-5.12107909e-01,0.00000000e+00,9.20000017e-01,5.00000000e-01,0.00000000e+00
-1.11702345e-01,-5.10592282e-01,0.00000000e+00,9.21000004e-01,5.00000000e-01,0.00000000e+00
-1.10614635e-01,-5.09058833e-01,0.00000000e+00,9.21999991e-01,5.00000000e-01,0.00000000e+00
-1.09243616e-01,-5.06288469e-01,0.00000000e+00,9.22999978e-01,5.00000000e-01,0.00000000e+00
-1.07872516e-01,-5.03517985e-01,0.00000000e+00,9.24000025e-01,5.00000000e-01,0.00000000e+00
-1.06501497e-01,-5.00747561e-01,0.00000000e+00,9.25000012e-01,5.00000000e-01,0.00000000e+00
-1.05130486e-01,-4.97977227e-01,0.00000000e+00,9.25999999e-01,5.00000000e-01,0.00000000e+00
-1.03759468e-01,-4.95206863e-01,0.00000000e+00,9.26999986e-01,5.00000000e-01,0.00000000e+00
-1.02388449e-01,-4.92436498e-01,0.00000000e+00,9.27999973e-01,5.00000000e-01,0.00000000e+00
-1.00928158e-01,-4.89210069e-01,0.00000000e+00,9.29000020e-01,5.00000000e-01,0.00000000e+00
-9.93094370e-02,-4.85173613e-01,0.00000000e+00,9.30000007e-01,5.00000000e-01,0.00000000e+00
-9.76907164e-02,-4.81137186e-01,0.00000000e+00,9.30999994e-01,5.00000000e-01,0.00000000e+00
-9.60719958e-02,-4.77100730e-01,0.00000000e+00,9.31999981e-01,5.00000000e-01,0.00000000e+00
-9.44531709e-02,-4.73064035e-01,0.00000000e+00,9.33000028e-01,5.00000000e-01,0.00000000e+00
-9.28344503e-02,-4.69027579e-01,0.00000000e+00,9.34000015e-01,5.00000000e-01,0.00000000e+00
-9.12157297e-02,-4.64991152e-01,0.00000000e+00,9.35000002e-01,5.00000000e-01,0.00000000e+00
-8.94275978e-02,-4.59886611e-01,0.00000000e+00,9.35999990e-01,5.00000000e-01,0.00000000e+00
-8.76188576e-02,-4.54652190e-01,0.00000000e+00,9.36999977e-01,5.00000000e-01,0.00000000e+00
-8.58100131e-02,-4.49417442e-01,0.00000000e+00,9.38000023e-01,5.00000000e-01,0.00000000e+00
-8.40012804e-02,-4.44183022e-01,0.00000000e+00,9.39000010e-01,5.00000000e-01,0.00000000e+00
-8.21925402e-02,-4.38948601e-01,0.00000000e+00,9.39999998e-01,5.00000000e-01,0.00000000e+00
-8.03838074e-02,-4.33714181e-01,0.00000000e+00,9.40999985e-01,5.00000000e-01,0.00000000e+00
-7.85026327e-02,-4.27840948e-01,0.00000000e+00,9.41999972e-01,5.00000000e-01,0.00000000e+00
-7.65737593e-02,-4.21547651e-01,0.00000000e+00,9.43000019e-01,5.00000000e-01,0.00000000e+00
-7.46450052e-02,-4.15254742e-01,0.00000000e+00,9.44000006e-01,5.00000000e-01,0.00000000e+00
-7.27162436e-02,-4.08961833e-01,0.00000000e+00,9.44999993e-01,5.00000000e-01,0.00000000e+00
-7.07874820e-02,-4.02668923e-01,0.00000000e+00,9.45999980e-01,5.00000000e-01,0.00000000e+00
-6.88586086e-02,-3.96375656e-01,0.00000000e+00,9.47000027e-01,5.00000000e-01,0.00000000e+00
-6.69080541e-02,-3.89659047e-01,0.00000000e+00,9.48000014e-01,5.00000000e-01,0.00000000e+00
-6.49348944e-02,-3.82503092e-01,0.00000000e+00,9.49000001e-01,5.00000000e-01,0.00000000e+00
-6.29617348e-02,-3.75347137e-01,0.00000000e+00,9.49999988e-01,5.00000000e-01,0.00000000e+00
-6.09885715e-02,-3.68191153e-01,0.00000000e+00,9.50999975e-01,5.00000000e-01,0.00000000e+00
-5.90152927e-02,-3.61034751e-01,0.00000000e+00,9.52000022e-01,5.00000000e-01,0.00000000e+00
-5.70421331e-02,-3.53878796e-01,0.00000000e+00,9.53000009e-01,5.00000000e-01,0.00000000e+00
-5.50855882e-02,-3.46375912e-01,0.00000000e+00,9.53999996e-01,5.00000000e-01,0.00000000e+00
-5.31427041e-02,-3.38587761e-01,0.00000000e+00,9.54999983e-01,5.00000000e-01,0.00000000e+00
-5.11998236e-02,-3.30799580e-01,0.00000000e+00,9.55999970e-01,5.00000000e-01,0.00000000e+00
-4.92568277e-02,-3.23010921e-01,0.00000000e+00,9.57000017e-01,5.00000000e-01,0.00000000e+00
-4.73139472e-02,-3.15222770e-01,0.00000000e+00,9.58000004e-01,5.00000000e-01,0.00000000e+00
-4.53710631e-02,-3.07434589e-01,0.00000000e+00,9.58999991e-01,5.00000000e-01,0.00000000e+00
-4.35045063e-02,-2.99347669e-01,0.00000000e+00,9.59999979e-01,5.00000000e-01,0.00000000e+00
-4.16603349e-02,-2.91172206e-01,0.00000000e+00,9.61000025e-01,5.00000000e-01,0.00000000e+00
-3.98162715e-02,-2.82997221e-01,0.00000000e+00,9.62000012e-01,5.00000000e-01,0.00000000e+00
-3.79722081e-02,-2.74822235e-01,0.00000000e+00,9.63000000e-01,5.00000000e-01,0.00000000e+00
-3.61281484e-02,-2.66647279e-01,0.00000000e+00,9.63999987e-01,5.00000000e-01,0.00000000e+00
-3.43088172e-02,-2.58449316e-01,0.00000000e+00,9.64999974e-01,5.00000000e-01,0.00000000e+00
-3.26220617e-02,-2.50127643e-01,0.00000000e+00,9.66000021e-01,5.00000000e-01,0.00000000e+00
-3.09354104e-02,-2.41806477e-01,0.00000000e+00,9.67000008e-01,5.00000000e-01,0.00000000e+00
-2.92487573e-02,-2.33485296e-01,0.00000000e+00,9.67999995e-01,5.00000000e-01,0.00000000e+00
-2.75621023e-02,-2.25164130e-01,0.00000000e+00,9.68999982e-01,5.00000000e-01,0.00000000e+00
-2.58753486e-02,-2.16842458e-01,0.00000000e+00,9.70000029e-01,5.00000000e-01,0.00000000e+00
-2.43311822e-02,-2.08573282e-01,0.00000000e+00,9.71000016e-01,5.00000000e-01,0.00000000e+00
-2.28484962e-02,-2.00326547e-01,0.00000000e+00,9.72000003e-01,5.00000000e-01,0.00000000e+00
-2.13658083e-02,-1.92079812e-01,0.00000000e+00,9.72999990e-01,5.00000000e-01,0.00000000e+00
-1.98831223e-02,-1.83833063e-01,0.00000000e+00,9.73999977e-01,5.00000000e-01,0.00000000e+00
-1.84003469e-02,-1.75585836e-01,0.00000000e+00,9.75000024e-01,5.00000000e-01,0.00000000e+00
-1.70108434e-02,-1.67442828e-01,0.00000000e+00,9.76000011e-01,5.00000000e-01,0.00000000e+00
-1.57657489e-02,-1.59460559e-01,0.00000000e+00,9.76999998e-01,5.00000000e-01,0.00000000e+00
-1.45206535e-02,-1.51478291e-01,0.00000000e+00,9.77999985e-01,5.00000000e-01,0.00000000e+00
-1.32755572e-02,-1.43496022e-01,0.00000000e+00,9.78999972e-01,5.00000000e-01,0.00000000e+00
-1.20303882e-02,-1.35513291e-01,0.00000000e+00,9.80000019e-01,5.00000000e-01,0.00000000e+00
-1.08461147e-02,-1.27628833e-01,0.00000000e+00,9.81000006e-01,5.00000000e-01,0.00000000e+00
-9.86106507e-03,-1.20064735e-01,0.00000000e+00,9.81999993e-01,5.00000000e-01,0.00000000e+00
-8.87601543e-03,-1.12500645e-01,0.00000000e+00,9.82999980e-01,5.00000000e-01,0.00000000e+00
-7.89090618e-03,-1.04936108e-01,0.00000000e+00,9.84000027e-01,5.00000000e-01,0.00000000e+00
-6.90585654e-03,-9.73720178e-02,0.00000000e+00,9.85000014e-01,5.00000000e-01,0.00000000e+00
-5.98213216e-03,-8.99248719e-02,0.00000000e+00,9.86000001e-01,5.00000000e-01,0.00000000e+00
-5.27651375e-03,-8.28936398e-02,0.00000000e+00,9.86999989e-01,5.00000000e-01,0.00000000e+00
-4.57089487e-03,-7.58624077e-02,0.00000000e+00,9.87999976e-01,5.00000000e-01,0.00000000e+00
-3.86523386e-03,-6.88307583e-02,0.00000000e+00,9.89000022e-01,5.00000000e-01,0.00000000e+00
-3.15961521e-03,-6.17995299e-02,0.00000000e+00,9.90000010e-01,5.00000000e-01,0.00000000e+00
-2.55779712e-03,-5.49785011e-02,0.00000000e+00,9.90999997e-01,5.00000000e-01,0.00000000e+00
-2.15310580e-03,-4.85566668e-02,0.00000000e+00,9.91999984e-01,5.00000000e-01,0.00000000e+00
-1.74841459e-03,-4.21348326e-02,0.00000000e+00,9.92999971e-01,5.00000000e-01,0.00000000e+00
-1.34369917e-03,-3.57126147e-02,0.00000000e+00,9.94000018e-01,5.00000000e-01,0.00000000e+00
-9.39007849e-04,-2.92907786e-02,0.00000000e+00,9.95000005e-01,5.00000000e-01,0.00000000e+00
-6.77070871e-04,-2.32399926e-02,0.00000000e+00,9.95999992e-01,5.00000000e-01,0.00000000e+00
-5.07805671e-04,-1.74300820e-02,0.00000000e+00,9.96999979e-01,5.00000000e-01,0.00000000e+00
-3.38530401e-04,-1.16198231e-02,0.00000000e+00,9.98000026e-01,5.00000000e-01,0.00000000e+00
-1.69265200e-04,-5.80991153e-03,0.00000000e+00,9.99000013e-01,5.00000000e-01,0.00000000e+00
0.00000000e+00,0.00000000e+00,0.00000000e+00,1.00000000e+00,5.00000000e-01,0.00000000e+00
